num,name,addr,publisher,recommend,star,price
1,人间至美：朱光潜经典散文集,http://img3m7.ddimg.cn/83/17/28522577-1_l_3.jpg,朱光潜，酷威文化 出品,100%推荐,29127次,¥14.90
2,尤尔小屋的猫,http://img3m0.ddimg.cn/33/33/25197810-1_l_3.jpg,2020-05-01 花山文艺出版社,100%推荐,103464次,¥3.99
3,谜案鉴赏,http://img3m1.ddimg.cn/66/36/28470981-1_l_3.jpg,莉莉・海沃德、译者张玫瑰，酷威文化 出品,100%推荐,72135次,¥19.70
4,脱口而出，妙语连珠：令人终生难忘的即兴演说书（成功与否并不取决于经验多寡，而是在于使用什么样的方法）,http://img3m2.ddimg.cn/97/23/24157582-1_l_13.jpg,2018-01-01 百花洲文艺出版社,100%推荐,58087次,¥21.80
5,高尔基成长三部曲（童年、在人间、我的大学）,http://img3m4.ddimg.cn/77/13/27911444-1_l_5.jpg,[美]莉比・菲舍尔・赫尔曼 著，汪德均 /刘建洲/马遇乐 译,100%推荐,44040次,¥19.70
6,上帝怀中的羔羊：美国普利策文学奖、法国费米娜文学奖获奖作品,http://img3m5.ddimg.cn/96/20/25277865-1_l_3.jpg,2019-06-30 天津人民出版社,100%推荐,54838次,¥53.50
7,男孩的学习力,http://img3m6.ddimg.cn/38/25/28541936-1_l_3.jpg,安德里・赛德涅夫 著，	廖露梅 Sanying Huang 王禹 译,100%推荐,16901次,¥19.70
8,空间简史(与《时间简史》《人类简史》《未来简史》并称“四大简史”),http://img3m1.ddimg.cn/86/2/25546541-1_l_9.jpg,2016-08-01 天津人民出版社,100%推荐,68310次,¥3.99
9,守护故事的人(一部与《杀死一只知更鸟》相同深度和力量的作品),http://img3m5.ddimg.cn/64/16/25110325-1_l_3.jpg,[苏]高尔基 著，桑卓 译，酷威文化 出品,100%推荐,59236次,¥19.90
10,阴谋与爱情,http://img3m0.ddimg.cn/65/35/28470980-1_l_5.jpg,2019-08-01 四川文艺出版社,100%推荐,70054次,¥3.99
11,天啊，妈妈！羊驼是啥？（欧美版《向往的生活》，一个英国绅士的“羊倌,http://img3m7.ddimg.cn/89/6/25480907-1_l_2.jpg,[美]凯洛琳・米勒，酷威文化 出品,100%推荐,20841次,¥18.90
12,谋杀鉴赏（《读者的选择》最佳小说奖、国际推理小说“安东尼”奖提名。）,http://img3m6.ddimg.cn/2/27/24157586-1_l_7.jpg,2018-05-01 四川文艺出版社,100%推荐,64249次,¥3.99
13,《另类间谍》（推理小说名家赫尔曼之战争三部曲 展现人性深处的生死博弈）,http://img3m1.ddimg.cn/46/27/25254451-1_l_5.jpg,[日]富永雄辅 著，吴一红 译，酷威文化 出品,100%推荐,52479次,¥16.00
14,魔力四射：如何打动、亲近和影响他人（一本改变人生思维方式的魔力读物，助你掌握社交技巧与领导魅力）,http://img3m1.ddimg.cn/96/22/24157581-1_l_15.jpg,2020-06-01 四川文艺出版社,100%推荐,85006次,¥17.40
15,直播带货 让你的流量持续低成本变现,http://img3m6.ddimg.cn/71/28/29115476-1_l_3.jpg,[意]托马斯・马卡卡罗,100%推荐,3401次,¥20.10
16,克隆版大脑（如果你脑子里的一切都被计算机复制，会发生什么事？国际斯坦福研究协会人工智能中心首席科学家理查德・瓦尔丁格倾力推荐）,http://img3m4.ddimg.cn/0/25/24157584-1_l_12.jpg,2019-01-01 四川文艺出版社,100%推荐,31850次,¥16.60
17,安娜（“没有人写的比梅根・莱丽好！”星际宇宙、身世之谜、变异、幻觉、暗恋、成长……校园科幻小说经典之作，在这里追溯本源，探寻真实）纤阅出品,http://img3m7.ddimg.cn/7/25/25345987-1_l_3.jpg,丽萨・温格特，酷威文化 出品,100%推荐,25473次,¥12.70
18,从 0 到 1 打造个人品牌,http://img3m7.ddimg.cn/13/17/28982857-1_l_12.jpg,2017-08-01 百花洲文艺出版社,100%推荐,5827次,¥14.00
19,回归之路（普利策新闻奖得主讲述一个奇迹生还的真实故事。生命力战胜医学极限，意志力超越人类极限，用坚韧和爱续写人生！）,http://img3m3.ddimg.cn/98/24/24157583-1_l_14.jpg,[德]J・B・卞若琳 著，纳青苗/李倩 译,100%推荐,21927次,¥44.20
20,呐喊――大屠杀回忆录（二战犹太大屠杀幸存者自述――一部震撼人心的自传）,http://img3m3.ddimg.cn/94/21/25069963-1_l_16.jpg,2019-06-30 天津人民出版社,100%推荐,60803次,¥17.10
21,旋木情缘（《今日美国》畅销书获奖作品中国首发：一座重获新生的旋转木马，一段爱情的回归之旅）,http://img3m4.ddimg.cn/95/22/25069964-1_l_19.jpg,堂娜・法萨诺 著，杨昱程 王晓毅 陈海滨 译,100%推荐,54497次,¥16.60
22,王阳明传,http://img3m3.ddimg.cn/71/8/28995983-1_l_2.jpg,2017-01-01 天津人民出版社,100%推荐,2007次,¥21.70
23,给孩子的礼仪课,http://img3m4.ddimg.cn/84/14/28990254-1_l_2.jpg,"孟斜阳 著,酷威文化 出品",100%推荐,2051次,¥7.99
24,孤独才是人生,http://img3m5.ddimg.cn/91/5/28992835-1_l_3.jpg,2020-08-01 太白文艺出版社,100%推荐,1989次,¥19.90
25,基本演绎法,http://img3m7.ddimg.cn/77/7/28990247-1_l_6.jpg,"李詹 著,酷威文化 出品",100%推荐,3863次,¥3.99
26,乞力马扎罗的雪,http://img3m1.ddimg.cn/85/28/28975801-1_l_9.jpg,2020-08-01 江苏凤凰文艺出版社,100%推荐,2008次,¥28.00
27,汪曾祺的写作课,http://img3m6.ddimg.cn/82/36/29114596-1_l_3.jpg,蒋勋 等,100%推荐,1979次,¥19.90
28,让你的时间更有价值：空闲时间就是你的未来财富（樊登推荐，随书附赠价值199元萌姐财富私享课）,http://img3m9.ddimg.cn/81/31/28981539-1_l_15.jpg,2020-08-01 江苏凤凰文艺出版社,99.9%推荐,2199次,¥4.99
29,此刻花开之纸上花园,http://img3m3.ddimg.cn/40/19/25231873-1_l_2.jpg,"刘洪波, 李媛媛, 刘潋  著,酷威文化 出品",100%推荐,2737次,¥14.90
30,订书匠,http://img3m2.ddimg.cn/59/12/28975082-1_l_3.jpg,2020-08-01 四川文艺出版社,100%推荐,6841次,¥19.90
31,人间词话（樊登推荐版本，全译注典藏版）,http://img3m1.ddimg.cn/76/31/27898771-1_l_2.jpg,"[美]欧内斯特・米勒・海明威 著,黄韵雅 译,酷威文化 出品",100%推荐,6570次,¥7.99
32,给孩子的财商启蒙书（樊登读书会推荐）,http://img3m5.ddimg.cn/41/3/28486895-1_l_2.jpg,2020-07-01 花山文艺出版社,100%推荐,37538次,¥35.80
33,名人传,http://img3m0.ddimg.cn/85/3/27898780-1_l_1.jpg,"汪曾祺 著,酷威文化 出品",100%推荐,27520次,¥26.00
34,向上管理：与你的领导相互成就,http://img3m3.ddimg.cn/93/36/27869583-1_l_2.jpg,2020-09-01 江苏凤凰文艺出版社,100%推荐,38359次,¥21.40
35,焦虑日志,http://img3m3.ddimg.cn/20/26/27939503-1_l_3.jpg,张萌 著，磨铁图书 出品,100%推荐,66673次,¥14.99
36,天真易得,http://img3m0.ddimg.cn/21/26/25342140-1_l_5.jpg,2020-07-01 北京联合出版有限公司,100%推荐,4014次,¥11.70
37,人鱼公司（星爷《美人鱼》美国版，比《延禧攻略》更精彩的“复仇之路”，小美人鱼的“色诱”攻略，比《蓝色大海的传说》更浪漫的现代爱情轻喜剧新向标）纤阅出品,http://img3m6.ddimg.cn/6/24/25345986-1_l_2.jpg,徐静，酷威文化 出品,100%推荐,10573次,¥2.99
38,伦敦大火,http://img3m2.ddimg.cn/23/28/25342142-1_l_2.jpg,2018-03-01 百花洲文艺出版社,100%推荐,12078次,¥24.00
39,间谍之死(拒绝好莱坞翻拍的年度作品，刺激程度超越《碟中谍》，更好看的悬疑推理小说，，更精彩的高科技犯罪！屏住呼吸，追击即将开始) 纤阅出品,http://img3m0.ddimg.cn/10/28/25345990-1_l_3.jpg,"[英]布里奇特・柯林斯 著,邹瑞莲 译,酷威文化 出品",100%推荐,79644次,¥3.99
40,学习高手（当当专享李柘远100%签名版，90后哈佛耶鲁高分毕业生超实用学习法）,http://img3m2.ddimg.cn/10/32/29002852-1_l_4.jpg,2020-07-01 四川文艺出版社,100%推荐,1128次,¥11.70
41,有本事来吃我呀（赠送当当专享贴纸）,http://img3m5.ddimg.cn/61/10/28984885-1_l_8.jpg,李剑龙、苏岚岚 著,100%推荐,1043次,¥29.90
42,用数据提升人力资源管理效能 实战案例版,http://img3m4.ddimg.cn/28/34/29115334-1_l_3.jpg,2020-09-01 北京联合出版有限公司,100%推荐,1044次,¥44.80
43,人力资源管理实操从入门到精通 第2版,http://img3m3.ddimg.cn/87/27/29000553-1_l_3.jpg,任康磊,8.9%推荐,1040次,¥26.99
44,暗黑医院：消失的病患（日文原版名《�⒚娌���》，横扫各大推理榜单，突破销量85w册！）,http://img3m1.ddimg.cn/91/21/28990261-1_l_3.jpg,2020-07-01 人民邮电出版社,100%推荐,2037次,¥52.30
45,《狗狗“青蛙”的夏天》（暖心童话故事，孩子们的最爱。）,http://img3m7.ddimg.cn/98/25/25069967-1_l_7.jpg,任康磊,100%推荐,12360次,¥22.50
46,不赶时髦星球：微博时尚博主 Avo 专为亚洲女性所写的“超干货”衣橱手册,http://img3m9.ddimg.cn/35/9/29120489-1_l_3.jpg,2020-08-01 人民邮电出版社,99.8%推荐,1007次,¥9.80
47,果麦经典：平面国（数学界的超级文化符号，《三体》二向箔的灵感来源，理解维度概念的绝佳途径。）,http://img3m7.ddimg.cn/98/21/29120057-1_l_6.jpg,知念实希人,99.9%推荐,1002次,¥34.00
48,《天生废才》虽然是神经病但是没关系 喜马拉雅巅峰榜9.8分霸榜作品，热血废柴爆笑逆袭 （随书附赠人物卡1张、海报1张、书签1张、主角团卡贴3张）,http://img3m5.ddimg.cn/30/4/28999605-1_l_5.jpg,2020-08-01 百花文艺出版社,100%推荐,988次,¥19.90
49,再美也美不过想象（“捡故事的人”耀一首部治愈短篇故事集，三十万册纪念版。不完美但美好，就已是甜蜜生活。）,http://img3m6.ddimg.cn/79/4/29113306-1_l_3.jpg,"玛格丽特・埃莉诺・利・ 惠布利 著  杨欣, 王雅琴 译",100%推荐,940次,¥24.00
50,蛤蟆先生去看心理医生（畅销23年，英国国民级心理咨询入门书，知名心理学家李松蔚强烈推荐 ）,http://img3m9.ddimg.cn/71/33/28992419-1_l_3.jpg,2017-04-01 天津人民出版社,99.9%推荐,1044次,¥45.30
51,杨红樱 淘气包马小跳28:妈妈我爱你（孩子需要不焦虑的爱，妈妈们，放轻松）,http://img3m3.ddimg.cn/98/0/29117483-1_l_2.jpg,Avo（�F桢） 著,100%推荐,952次,¥24.90
52,鸟王的春天（暖心童话故事，孩子们的最爱。）,http://img3m7.ddimg.cn/21/4/25251357-1_l_6.jpg,2020-09-08 河北科学技术出版社,100%推荐,16177次,¥36.00
53,常青藤爸爸对话特级教师：每个孩子都能学好阅读（随书附赠8节超值、纯干货特级教师视频课！朱永新、蒋军晶重磅推荐）,http://img3m8.ddimg.cn/49/6/28998238-1_l_9.jpg,埃德温・A・艾勃特，译者：鲁冬旭，果麦文化 出品,100%推荐,825次,¥19.00
54,工业互联网：技术、实践与行业解决方案,http://img3m8.ddimg.cn/1/20/29119168-1_l_3.jpg,2020-08-01 上海文化出版社,100%推荐,792次,¥14.00
55,常青藤爸爸对话特级教师：每个孩子都能写好作文（随书附赠8节超值、纯干货特级教师视频课！朱永新、蒋军晶重磅推荐）,http://img3m7.ddimg.cn/48/5/28998237-1_l_9.jpg,檀清,100%推荐,815次,¥9.80
56,凯叔 三字经（含凯叔诵读全文音频游戏，给孩子的启蒙教育经典，每天三分钟，国学童子功）,http://img3m9.ddimg.cn/1/23/29120059-1_l_9.jpg,2020-08-01 天津人民出版社,100%推荐,812次,¥24.50
57,纳兰词：花月不曾闲，莫放相思醒（百万级畅销书作家 张其姝新作 每个人都能在纳兰词中找到自己！）,http://img3m5.ddimg.cn/26/20/28998215-1_l_2.jpg,耀一，果麦文化 出品,100%推荐,1008次,¥49.00
58,论自由（我们在生活中常听到“自由”二字，但只有这本书能明白告诉你“自由”是什么。）【果麦经典】,http://img3m5.ddimg.cn/22/27/28558255-1_l_3.jpg,2020-08-01 四川文艺出版社,100%推荐,685次,¥24.50
59,里娜的奇幻丛林,http://img3m7.ddimg.cn/77/24/25248047-1_l_6.jpg,罗伯特・戴博德，果麦文化 出品,100%推荐,11204次,¥54.50
60,自游加州全攻略,http://img3m9.ddimg.cn/21/27/28470639-1_l_5.jpg,2020-07-01 天津人民出版社,100%推荐,48051次,¥19.90
61,朱元璋传（了解晚近中国的必读经典，独家收录吴晗亲笔后记，精心绘制10余幅朱元璋作战示意图、职官功能表）【果麦经典】,http://img3m4.ddimg.cn/7/26/28533094-1_l_3.jpg,吴晗，果麦文化 出品,100%推荐,611次,¥22.50
62,半小时漫画预防常见病（漫画式科普开创者二混子新作！稍稍改变生活习惯，轻松扫除常见病隐患。）,http://img3m3.ddimg.cn/60/13/29121603-1_l_3.jpg,2020-04-01 三秦出版社,100%推荐,571次,¥22.00
63,果麦经典：世界简史（彩色插图全注版，《时间机器》作者、科幻大师威尔斯经典之作，像小说一样好读的极简世界史。）,http://img3m6.ddimg.cn/3/8/28997796-1_l_3.jpg,陈磊.半小时漫画团队 著;读客文化 出品,100%推荐,1005次,¥32.40
64,克雷洛夫寓言（与《伊索寓言》齐名，全新翻译，全彩插图）,http://img3m8.ddimg.cn/8/33/29000078-1_l_3.jpg,2020-09-30 海南出版社,100%推荐,996次,¥34.00
65,进化（当当独家签名版）,http://img3m2.ddimg.cn/50/8/29115752-1_l_6.jpg,赫伯特・乔治・威尔斯，果麦文化 出品,100%推荐,502次,¥23.99
66,王阳明：三部曲（阳明心学国际研讨会官方推荐，与《曾国藩》一起被誉为人生精进的典范之作）,http://img3m2.ddimg.cn/23/12/28538852-1_l_5.jpg,2020-08-01 云南人民出版社,100%推荐,997次,¥34.80
67,链路营销 触发消费者购买的十大关键点,http://img3m8.ddimg.cn/42/27/28995558-1_l_3.jpg,克雷洛夫，译者：童宁，果麦文化 出品,100%推荐,987次,¥19.90
68,我喜欢简单的生活,http://img3m2.ddimg.cn/95/30/29116292-1_l_3.jpg,2020-08-01 云南人民出版社,100%推荐,496次,¥97.30
69,你的一天，我的一生（她不相信一见钟情，他决定用一生证明她是错的。）,http://img3m4.ddimg.cn/1/6/28997794-1_l_2.jpg,何涛 著 华文天下出品,100%推荐,500次,¥51.70
70,破格：强者思维与人生跃迁,http://img3m9.ddimg.cn/27/13/29116719-1_l_3.jpg,2020-09-01 江苏凤凰文艺出版社,100%推荐,499次,¥31.50
71,正版现货2020版初中7七年级上册地理书人教版课本教材教科书初一上册地理人民教育出版社RJ七年级上册地理课本 七年级地理上册,http://img3m6.ddimg.cn/34/29/1353949576-1_l_2.jpg,许葆云,100%推荐,450次,¥28.00
72,2021脱胎换骨日历（我发誓一定要完成2021年的新年计划！新年计划总打脸，只因少了这三点！跟随《2021脱胎换骨日历》，365天后，脱胎换骨！）,http://img3m5.ddimg.cn/30/35/29122365-1_l_8.jpg,2020-05-01 中国友谊出版公司,100%推荐,497次,¥24.90
73,心理科医生（全2册）壹心理重磅推荐！抖音百万大号说书哥哥盛赞推荐！首部专业描写心理科口碑力作！知名作家王路亲笔作序！,http://img3m4.ddimg.cn/23/26/29121764-1_l_6.jpg,焦玉豹,100%推荐,480次,¥51.00
74,半小时漫画中国哲学史（其实是一本严谨的极简中国哲学史！二混子新作！明明在看诸子百家掐架，看完却懂了中国哲学精华！）,http://img3m4.ddimg.cn/32/7/28999904-1_l_6.jpg,2020-08-01 人民邮电出版社,100%推荐,1010次,¥49.99
75,圣诞老人（童话故事成真，真假圣诞老人！是谁向孩子伸出了“罪恶”之手？小女孩的指控让平安夜不再平安！不要拒绝，请轻声尖叫）纤阅出品,http://img3m9.ddimg.cn/9/27/25345989-1_l_2.jpg,林清玄 等,100%推荐,15738次,¥13.80
76,易中天中华史 第二十二卷：严嵩与张居正（从嘉靖到万历，明中叶百年权斗史）,http://img3m1.ddimg.cn/14/19/28990481-1_l_12.jpg,2020-08-01 江苏凤凰文艺出版社,99.9%推荐,1224次,¥92.16
77,请停止道歉（登顶美国亚马逊、纽约时报励志排行榜30+周，让每一个女性摆脱被定义的命运，拥有不妥协的力量）,http://img3m8.ddimg.cn/98/26/28982348-1_l_14.jpg,妮可拉・尹，译者 胡绯，果麦文化 出品,99.9%推荐,561次,¥54.90
78,我的第一本高情商沟通入门,http://img3m3.ddimg.cn/67/7/29000533-1_l_3.jpg,2020-08-01 浙江文艺出版社,100%推荐,393次,¥24.90
79,果麦经典：三国演义（全二册）（易中天特别推荐。无障碍阅读，全新精校，恢复罗贯中原笔文字，全注释、毛批、军事图解、群英谱）,http://img3m7.ddimg.cn/80/5/29113307-1_l_8.jpg,白辂 著,100%推荐,426次,¥49.90
80,现代汉语词典(第7版) 商务印书馆,http://img3m2.ddimg.cn/1/34/24039082-1_l_10.jpg,2020-08-22 机械工业出版社,99.9%推荐,22345次,¥12.70
81,养成良好习惯，高效管理时间,http://img3m4.ddimg.cn/85/21/27889474-1_l_2.jpg,杰米・希尔著， 刘阳晓露/关芊蔚/安捷 译,100%推荐,48685次,¥15.30
82,季羡林：留德十年,http://img3m9.ddimg.cn/96/16/28990959-1_l_3.jpg,2019-04-30 天津人民出版社,100%推荐,491次,¥27.50
83,罗力小恐龙（含二册：《我和老爸》+《我想要个宠物嘛》，250万册畅销漫画家莉兹・克里莫暖心儿童绘本）,http://img3m7.ddimg.cn/33/27/29126427-1_l_4.jpg,季羡林  著 ， 新经典  出品,100%推荐,345次,¥77.40
84,《大宋小宅门》高口碑现象级作品《长安秘案录》作者时音新作，备受瞩目热捧的高质量爆品古言。（独家番外、精美书签、高智商残疾公子VS藏匿宅门的罪臣之女，画面级的故事，给你身临其境的阅读体验！）,http://img3m2.ddimg.cn/77/6/29114492-1_l_7.jpg,2020-08-01 北京十月文艺出版社,99.7%推荐,345次,¥98.00
85,小学生看图写话1~2年级（全彩大字版）,http://img3m3.ddimg.cn/98/20/29123423-1_l_3.jpg,[美]莉兹・克里莫，译者 三三，果麦文化 出品,100%推荐,304次,¥34.90
86,投资中简单的神奇公式：十年二十倍的股票投资方法,http://img3m1.ddimg.cn/16/17/28996621-1_l_3.jpg,2020-09-01 山东文艺出版社,100%推荐,305次,¥79.00
87,白话港股投资：手把手教你投资港股,http://img3m8.ddimg.cn/31/3/29116228-1_l_3.jpg,时音,100%推荐,302次,¥34.50
88,微信朋友圈营销：9步塑造你的个人品牌,http://img3m2.ddimg.cn/33/6/28988322-1_l_9.jpg,2020-08-01 台海出版社,100%推荐,304次,¥48.30
89,晚熟的人（莫言新书）,http://img3m6.ddimg.cn/14/34/28994936-1_l_7.jpg,陈华珊,99.9%推荐,637次,¥32.50
90,固执一生 不忘天真（冯唐、路金波、笛安推荐；全网粉丝超千万的西门大嫂首部短篇集《固执一生 不忘天真》，献给每一个乘风破浪用力生活的你。）,http://img3m5.ddimg.cn/57/2/28998345-1_l_9.jpg,2020-09-03 北京大学出版社,99.9%推荐,1017次,¥45.50
91,�晗壬�：锦绣离人,http://img3m6.ddimg.cn/70/16/28987666-1_l_3.jpg,张峻恺,100%推荐,953次,¥24.50
92,【100％亲笔签名】云深清浅时（东奔西顾历时一年亲签限量“楷体”签名+冰淇淋成长卡册+处方笺+“蜻蜓”CP剧场+结婚全家福拉页+成长拉页+惊喜彩蛋＋拉链盒发货）,http://img3m6.ddimg.cn/78/25/29116176-1_l_12.jpg,2020-06-01 清华大学出版社,98.9%推荐,449次,¥34.30
93,啊2.0（新增10万字并包含旧书全文，大冰2020年作品！购书赢好礼！限量彩蛋！）,http://img3m9.ddimg.cn/97/25/28996999-1_l_14.jpg,范俊青,100%推荐,2124次,¥26.60
94,儿童简笔画入门（全2册）（培养孩子从画画开始，儿童绘画启蒙，开发多元智能）,http://img3m6.ddimg.cn/37/4/29001196-1_l_6.jpg,2020-08-01 清华大学出版社,100%推荐,256次,¥24.90
95,你当像鸟飞往你的山（比尔・盖茨年度特别推荐，登顶《纽约时报》畅销榜80 周！多一个人读到这个真实故事，就多一个人勇敢做自己！）,http://img3m2.ddimg.cn/0/27/28473192-1_l_3.jpg,庞金玲,100%推荐,6785次,¥24.90
96,云边有个小卖部（陆定昊诚挚推荐，随书附赠云边镇四季明信片和张嘉佳作词单曲彩蛋）,http://img3m9.ddimg.cn/77/23/25295369-1_l_20.jpg,2020-08-01 清华大学出版社,100%推荐,16569次,¥19.99
97,人间失格（日本小说家太宰治代表作，190多万条好评的现象级畅销书）,http://img3m5.ddimg.cn/56/4/23761145-1_l_6.jpg,莫言,100%推荐,21342次,¥48.10
98,我想和你虚度余生（沈万九全新暖爱言情作品集，余生有你，不枉虚度）,http://img3m0.ddimg.cn/54/32/29114370-1_l_3.jpg,2020-07-01 人民文学出版社,100%推荐,281次,¥28.00
99,活着（荣获中国版权金奖.作品奖版本，销量逾千万册）,http://img3m0.ddimg.cn/7/27/25137790-1_l_4.jpg,原来是西门大嫂，果麦文化 出品,100%推荐,44366次,¥19.80
100,五味子（中国好书《医本正经》作者懒兔子长篇中医小说）,http://img3m3.ddimg.cn/77/19/29118353-1_l_9.jpg,2020-08-01 浙江文艺出版社,99.2%推荐,245次,¥29.40
101,中华人民共和国民法典(32开压纹烫金版 附草案说明) 2020年6月新版 团购电话：4001066666转6,http://img3m9.ddimg.cn/44/7/28553129-1_l_12.jpg,法律出版社,99.9%推荐,1591次,¥8.10
102,少年读史记（套装全5册）,http://img3m1.ddimg.cn/80/1/23778791-1_l_10.jpg,2020-06-01 法律出版社,100%推荐,24694次,¥50.00
103,儿童营养大全（1~5岁儿童营养喂养手册。做孩子的私人营养师，守护孩子茁壮成长！）,http://img3m0.ddimg.cn/89/21/28987190-1_l_3.jpg,张嘉骅,100%推荐,445次,¥22.30
104,洞见（《为什么佛学是真的》中文版终得上市！樊登博士重磅推荐，万维钢做序解读，“巴菲特接班人”李录年度推荐必读好书。）,http://img3m2.ddimg.cn/54/36/28998342-1_l_9.jpg,2015-09-01 青岛出版社,99.7%推荐,301次,¥12.00
105,孩子的能力在9岁前决定（开发六大智能，轻松应对幼小衔接，幼升小不迷茫！）,http://img3m8.ddimg.cn/21/10/29000388-1_l_6.jpg,[日] 中村丁次 [日] 牧野直子 著 快读慢活 出品,100%推荐,228次,¥32.50
106,红星照耀中国  青少版 八年级上册必读 人民文学出版社 团购电话4001066666转6,http://img3m8.ddimg.cn/61/18/25100818-1_l_3.jpg,2020-08-01 江西科学技术出版社,100%推荐,18181次,¥15.99
107,欢喜：冯唐2021金句日历（全面升级！冯唐全新语录+网红老妈幽默段子，特收录冯唐24节气书法）,http://img3m3.ddimg.cn/6/24/29115213-1_l_6.jpg,罗伯特・赖特 著，宋伟 译，联合读创 出品,100%推荐,228次,¥24.50
108,古汉语常用字字典（第5版）,http://img3m9.ddimg.cn/91/34/24008779-1_l_18.jpg,2020-08-01 北京联合出版有限公司,99.9%推荐,15474次,¥12.00
109,星火英语四级考试真题备考2020年12月试卷全套资料大学cet4历年真题词汇听力阅读翻译写作单词辅导书籍专项训练,http://img3m5.ddimg.cn/35/17/28500155-1_l_14.jpg,[日] 大久保博之 著 快读慢活 出品,100%推荐,835次,¥24.80
110,正面教养,http://img3m7.ddimg.cn/93/7/28992837-1_l_3.jpg,2020-08-01 江苏凤凰文艺出版社,100%推荐,202次,¥49.00
111,京都一年：台湾著名作家林文月日本旅居随笔,http://img3m7.ddimg.cn/5/12/29126597-1_l_3.jpg,埃德加・斯诺 著；董乐山 译,100%推荐,289次,¥34.00
112,老神仙系列丛书：四蛇童子（原创性民间故事 文学化民俗传统 帮中国孩子了解传统民间神仙传说故事）,http://img3m0.ddimg.cn/66/2/29116560-1_l_3.jpg,2017-06-01 人民文学出版社,100%推荐,203次,¥36.80
113,书卷多情,http://img3m5.ddimg.cn/11/5/28979885-1_l_2.jpg,冯 唐,99.6%推荐,213次,¥32.40
114,三体：全三册 刘慈欣代表作，亚洲首部“雨果奖”获奖作品！,http://img3m4.ddimg.cn/32/35/23579654-1_l_6.jpg,2020-08-01 中国华侨出版社,99.8%推荐,52994次,¥30.00
115,三天一生（法国版《隐蔽的角落》，揭示少年犯罪心理。法国年度悬疑小说！如果那时我作了不同的选择，人生可能完全不同）,http://img3m4.ddimg.cn/1/10/29123524-1_l_3.jpg,原编者  王力 岑麒祥 林焘 等，修订者 蒋绍愚 唐作藩 张万起 等,100%推荐,201次,¥27.20
116,老神仙系列丛书：来自星星的仙儿（原创性民间故事 文学化民俗传统 帮中国孩子了解传统民间神仙传说故事）,http://img3m1.ddimg.cn/97/33/29116591-1_l_3.jpg,2016-04-01 商务印书馆,100%推荐,201次,¥34.00
117,陆游传（中华文人经典传记）,http://img3m6.ddimg.cn/61/20/29123386-1_l_3.jpg,汪开虎,100%推荐,197次,¥36.99
118,新消费时代,http://img3m1.ddimg.cn/38/9/29119601-1_l_6.jpg,2020-01-01 上海交通大学出版社,100%推荐,200次,¥44.70
119,纳兰性德传（中华文人经典传记）,http://img3m5.ddimg.cn/60/19/29123385-1_l_3.jpg,蒙谨,100%推荐,195次,¥37.99
120,李清照传（中华文人经典传记）,http://img3m8.ddimg.cn/63/22/29123388-1_l_3.jpg,2020-08-11 中国友谊出版公司,100%推荐,195次,¥28.08
121,戴高乐将军（全二册）（拥有强大的人格魅力，就连敌人都会追随你！沃尔夫森历史奖得主力作，被评为戴高乐传记的“丰碑”！）,http://img3m1.ddimg.cn/78/31/29121621-1_l_3.jpg,（英）朱利安.杰克逊 著;读客文化 出品,100%推荐,206次,¥99.00
122,中文分级阅读K2 我想养一只鸭子（亲近母语）,http://img3m3.ddimg.cn/38/31/29001593-1_l_2.jpg,2020-09-30 文汇出版社,100%推荐,200次,¥22.90
123,场景化沟通：360度无障碍沟通的艺术（非暴力、高情商沟通的“圣经”，掌握沟通全技巧，拥有超强口才）,http://img3m4.ddimg.cn/45/5/29120004-1_l_3.jpg,陈诗哥，果麦文化 出品,100%推荐,199次,¥16.10
124,唯有相爱可抵岁月漫长,http://img3m4.ddimg.cn/42/12/28980114-1_l_3.jpg,2020-08-01 山东文艺出版社,100%推荐,200次,¥12.99
125,小小的家也不错：日本小住宅空间设计与收纳,http://img3m5.ddimg.cn/68/36/28990535-1_l_3.jpg,365天沟通力训练营专家组,100%推荐,199次,¥33.70
126,屈原传（中华文人经典传记）,http://img3m7.ddimg.cn/62/21/29123387-1_l_3.jpg,2020-08-31 北方文艺出版社,100%推荐,192次,¥29.00
127,中华人民共和国民法典（实用版）2020年6月新版 团购电话：4001066666转6,http://img3m5.ddimg.cn/62/30/28558295-1_l_1.jpg,简�o 著，磨铁图书 出品,99.9%推荐,610次,¥28.40
128,夏洛的网（新）,http://img3m6.ddimg.cn/7/21/23546266-1_l_9.jpg,2020-07-01 中国友谊出版公司,100%推荐,21576次,¥29.20
129,未竟的告白（100%作者亲笔签名版+赠3张印签告白卡）,http://img3m0.ddimg.cn/40/11/29115940-1_l_7.jpg,（日）柳本茜  著,100%推荐,196次,¥13.00
130,牛津高阶英汉双解词典（第9版）,http://img3m8.ddimg.cn/72/29/25294968-1_l_2.jpg,2020-08-01 化学工业出版社,100%推荐,3630次,¥9.99
131,高效学习法：名校学霸教你把学习变得轻而易举（常青藤+清华学霸教你不管学习还是考证，都可轻松通关！）,http://img3m8.ddimg.cn/68/31/29120918-1_l_3.jpg,杨雨,100%推荐,193次,¥27.50
132,温捌授权图 印签版 正版包邮 某某木苏里 某某耽美小说 晋江文学城校园青春爱情小说畅销书,http://img3m6.ddimg.cn/23/12/1678713026-1_l_4.jpg,2020-09-04 长江文艺出版社,96.9%推荐,535次,¥144.00
133,废柴巫师六部曲（我们废柴有力量，历尽挫折照样狂！看废柴巫师的生活哲学，历尽挫折依然能让生命怒放！）,http://img3m8.ddimg.cn/13/1/28981768-1_l_3.jpg,中国法制出版社,100%推荐,186次,¥16.10
134,我离开之后：一个母亲写给女儿的人生指南，以及那些来不及说的爱与牵挂！豆瓣评分9.2，蔡依林、张钧甯感动推荐！,http://img3m3.ddimg.cn/89/34/29115593-1_l_12.jpg,2020-06-01 中国法制出版社,99.7%推荐,265次,¥12.99
135,信谊世界精选图画书・猜猜我有多爱你,http://img3m0.ddimg.cn/72/6/25218540-1_l_10.jpg,（美）怀特　著，任溶溶　译,100%推荐,8398次,¥34.50
136,高情商孩子的情绪管理课（养育男孩、养育女孩，父母一定要知道的孩子情绪管理指南）,http://img3m8.ddimg.cn/18/19/29124828-1_l_3.jpg,2014-08-01 上海译文出版社,100%推荐,169次,¥109.00
137,平凡的世界：全三册（故事里的中国推荐，八年级下册自主阅读推荐）,http://img3m2.ddimg.cn/41/25/25090502-1_l_7.jpg,花大钱,100%推荐,18471次,¥34.00
138,窗边的小豆豆(2018版),http://img3m6.ddimg.cn/66/10/25272786-1_l_3.jpg,2020-08-01 四川文艺出版社,100%推荐,90314次,¥23.97
139,内在进化：你要悄悄拔尖然后惊艳所有人,http://img3m5.ddimg.cn/19/27/28976725-1_l_3.jpg,[英]霍恩比 原著，李旭影 等译,100%推荐,612次,¥18.40
140,乌合之众 : 大众心理研究,http://img3m9.ddimg.cn/25/29/25246609-1_l_1.jpg,2018-03-01 商务印书馆,100%推荐,9330次,¥16.70
141,新华字典(第12版)(双色本),http://img3m3.ddimg.cn/24/36/28996233-1_l_3.jpg,中国社会科学院语言研究所编修,99.9%推荐,240次,¥28.00
142,人间值得（90岁心理医生恒子奶奶写给生活的哲思小书。十点读书、《读者》2019年度“十大影响力好书”、人民日报力荐2020新年书单。）,http://img3m6.ddimg.cn/39/17/27931206-1_l_559.jpg,2020-07-30 商务印书馆,100%推荐,5679次,¥18.80
143,2021新高考数学真题全刷：基础2000题 团购电话4001066666转6,http://img3m1.ddimg.cn/47/3/28975961-1_l_7.jpg,[日]中村恒子（恒子奶奶）著，紫图出品,100%推荐,357次,¥3.99
144,心 稻盛和夫的一生嘱托,http://img3m5.ddimg.cn/77/10/28547915-1_l_5.jpg,2019-09-01 北京日报出版社（原同心出版社）,100%推荐,425次,¥49.00
145,中文分级阅读K2 黎达动物故事（亲近母语）,http://img3m6.ddimg.cn/31/24/29001586-1_l_3.jpg,朱昊鲲,100%推荐,157次,¥29.50
146,公文式教育 全脑阶梯训练（3～5岁）套装（全6册）,http://img3m1.ddimg.cn/66/3/28999641-1_l_6.jpg,2020-06-19 清华大学出版社,100%推荐,214次,¥30.00
147,古代汉语词典（精装）(第2版),http://img3m6.ddimg.cn/21/25/23477376-1_l_1.jpg,[日]稻盛和夫,99.9%推荐,13006次,¥96.00
148,专利变现：2小时精通高新认定和知识产权贯标,http://img3m1.ddimg.cn/34/6/29116231-1_l_3.jpg,2020-04-01 人民邮电出版社,100%推荐,154次,¥102.00
149,快乐读书吧二年级上全套小鲤鱼跳龙门二年级注音版5册一只想飞的猫孤独的小螃蟹小狗的小房子小学生二年级课外书老师推荐,http://img3m3.ddimg.cn/79/4/27900853-1_l_15.jpg,黎达，果麦文化 出品,100%推荐,868次,¥44.20
150,我选择活下去：女孩50天追寻活下去的理由（全两册）(在俄罗斯750万年轻人中，竟有600万人好评了本书！）,http://img3m5.ddimg.cn/80/1/29119445-1_l_3.jpg,2020-09-01 浙江文艺出版社,99.3%推荐,144次,¥41.30
151,永生之后（携程创始人、人口学家梁建章首部寓言小说，作家六六推荐！人类到底应不应该选择永生？全书配18幅原创插图）,http://img3m3.ddimg.cn/27/12/28995543-1_l_3.jpg,日本公文出版 编著 刘晓冉、肖文静等 译 书中缘 出品,100%推荐,998次,¥45.00
152,【亲笔签名本限量1万册】混知健康日历 2021年 （限量1万册，售完即止）,http://img3m4.ddimg.cn/43/17/29116834-1_l_9.jpg,2020-09-01 南海出版公司,96.5%推荐,179次,¥39.00
153,东野圭吾：白夜行（易烊千玺、孟非推荐，东野圭吾作品无冕之王）,http://img3m2.ddimg.cn/62/32/25119332-1_l_11.jpg,商务印书馆辞书研究中心　著,100%推荐,21042次,¥29.50
154,时光太瘦，指缝太宽（温暖和抚慰亿万人的文学经典，让我们不惧岁月变幻，给我们前行的勇气和力量）,http://img3m7.ddimg.cn/85/7/29119747-1_l_6.jpg,2014-03-01 商务印书馆,100%推荐,141次,¥28.00
155,次第花开 修订版,http://img3m4.ddimg.cn/67/33/24184084-1_l_6.jpg,朱健,100%推荐,1510次,¥64.00
156,任溶溶系列：没头脑和不高兴(注音版）,http://img3m0.ddimg.cn/77/3/25278440-1_l_7.jpg,2020-07-01 清华大学出版社,100%推荐,5316次,¥29.80
157,学生实用古汉语常用字字典（第6版）,http://img3m1.ddimg.cn/72/28/25294671-1_l_3.jpg,冰波 陈伯吹 严文井 孙幼军 金近,100%推荐,1672次,¥23.99
158,米小圈上学记一年级（套装共4册）,http://img3m7.ddimg.cn/91/21/25261327-1_l_3.jpg,2019-05-01 江苏凤凰文艺出版社,100%推荐,23336次,¥24.90
159,毕淑敏的心灵课（毕淑敏“心灵四书”系列）,http://img3m8.ddimg.cn/52/7/28510468-1_l_3.jpg,〔俄〕斯泰西・克拉默（СтейС КРАМеР）,99.5%推荐,141次,¥14.99
160,2020-2021新版中考作文满分卷【赠人工智能测评作文卡】热点素材精选初中版 七八九年级优秀作文书大全 中学生初一二三写作技巧辅导资料书籍,http://img3m9.ddimg.cn/73/15/29118349-1_l_3.jpg,2020-09-01 北京联合出版有限公司,100%推荐,2499次,¥17.90
161,毕淑敏的幸福课（毕淑敏“心灵四书”系列）,http://img3m3.ddimg.cn/47/2/28510463-1_l_1.jpg,毕淑敏  著,99.5%推荐,139次,¥19.90
162,朝花夕拾（《语文》推荐阅读丛书）部编教材七年级上册推荐阅读  人民文学出版社,http://img3m3.ddimg.cn/77/27/25267253-1_l_3.jpg,2019-12-01 长江文艺出版社,100%推荐,5564次,¥15.40
163,毕淑敏的成长课（毕淑敏“心灵四书”系列）,http://img3m3.ddimg.cn/57/12/28510473-1_l_3.jpg,鲁迅,99.6%推荐,179次,¥18.00
164,迭代：社区产品设计和商业模式的七步策略,http://img3m1.ddimg.cn/40/3/29000011-1_l_8.jpg,2018-04-01 人民文学出版社,100%推荐,136次,¥29.00
165,断舍离,http://img3m3.ddimg.cn/68/20/23271503-1_l_18.jpg,毕淑敏  著,99.9%推荐,5827次,¥13.00
166,西游记原著版（上、下册）（七年级上册必读、1-9年级必读书单）（团购电话:400-1066666转6）,http://img3m6.ddimg.cn/89/33/104336-1_l_3.jpg,2019-12-01 长江文艺出版社,99.9%推荐,7998次,¥2.49
167,人生海海（麦家重磅力作，莫言、董卿盛赞，发行量超150万册，豆瓣2019年度中国小说榜TOP・1）,http://img3m5.ddimg.cn/51/34/26921715-1_l_2.jpg,Kevin（张晋壹）,100%推荐,18986次,¥30.40
168,马尔克斯：百年孤独（50周年纪念版）,http://img3m6.ddimg.cn/83/20/25138856-1_l_2.jpg,2020-08-01 中国铁道出版社,100%推荐,19755次,¥29.00
169,笙笙予你（全2册）阅文集团人气作家顾南西口碑之作！,http://img3m2.ddimg.cn/32/36/28990202-1_l_3.jpg,(日)山下英子,100%推荐,151次,¥27.50
170,作家榜经典：月亮与六便士（连续2年当当名著销量桂冠！荣获2017豆瓣阅读桂冠！110万+读者真实五星好评！上海国际学校指定阅读！）,http://img3m1.ddimg.cn/66/15/24175371-1_l_114.jpg,2013-07-01 广西科学技术出版社,100%推荐,14020次,¥24.99
171,抖音攻略：手把手教你打造IP和流量变现,http://img3m6.ddimg.cn/63/25/28497906-1_l_3.jpg,吴承恩,100%推荐,130次,¥37.90
172,C 彩乌鸦系列(全18册)无盒我和小姐姐克拉拉 妈妈走了,http://img3m1.ddimg.cn/74/16/1151816861-1_l_3.jpg,2010-10-01 人民文学出版社,99%推荐,112次,¥35.99
173,小熊和最好的爸爸（全7册）,http://img3m1.ddimg.cn/31/4/20039611-1_l_9.jpg,麦家  著 ，新经典  出品,99.7%推荐,12705次,¥40.80
174,时间简史（插图本）（央视《朗读者》推荐）,http://img3m5.ddimg.cn/69/27/463785-1_l_1.jpg,2019-04-16 北京十月文艺出版社,100%推荐,7750次,¥17.90
175,带你去远方,http://img3m5.ddimg.cn/91/34/28997785-1_l_2.jpg,加西亚・马尔克斯 著，新经典 出品,100%推荐,202次,¥3.99
176,《红星照耀中国》《长征》导练一本全（教辅专用）人民文学出版社,http://img3m2.ddimg.cn/18/33/28989792-1_l_3.jpg,2017-08-01 南海出版公司,99.8%推荐,143次,¥24.70
177,这就是数理化（套装全8册）5-14岁儿童数学思维训练漫画阅读书籍,http://img3m5.ddimg.cn/93/30/1705514475-1_l_1.jpg,"顾南西 著,  悦读纪 出品",100%推荐,106次,¥53.20
178,空间简史(与《时间简史》《人类简史》《未来简史》并称“四大简史”),http://img3m5.ddimg.cn/32/18/1516466885-1_l_1.jpg,2020-07-01 青岛出版社,100%推荐,108次,¥100.00
179,成语大词典（彩色本）最新修订版 20多万名读者热评！团购电话4001066666转6,http://img3m4.ddimg.cn/9/31/22925934-1_l_1.jpg,[英] 毛姆 著，作家榜经典 出品，徐淳刚 译，大星文化，高更 绘,99.9%推荐,4204次,¥17.50
180,围城,http://img3m4.ddimg.cn/32/28/22819334-1_l_3.jpg,2017-01-10 浙江文艺出版社,100%推荐,10577次,¥22.50
181,100层的房子系列+100层的巴士全5册，《100层的房子》+《地下100层的房子》+《海底100层的房子》+《天空100层的房子》,http://img3m5.ddimg.cn/15/22/1712846535-1_l_1.jpg,岩井俊雄,100%推荐,107次,¥150.00
182,"高情商表达(当当独家特供 斋藤孝教你快速解决沟通问题,随书附赠4张漫画场景式话术锦囊卡)",http://img3m8.ddimg.cn/56/9/28986068-1_l_3.jpg,2018-08-01 北京科学技术出版社,99.6%推荐,145次,¥11.60
183,快乐读书吧 小鲤鱼跳龙门 一只想飞的猫 孤独的小螃蟹 小狗的小房子“歪脑袋”木头桩 全彩注音小学二年级上推荐阅读（有声）套装5册 二年级课外阅读,http://img3m5.ddimg.cn/48/14/27883695-1_l_9.jpg,（日）斋藤孝  著 凤凰含章出品,100%推荐,828次,¥83.40
184,《我和他隔着纪元》（见证两个男人跨越时空的交付！）《想见你》式跨越时空+悬疑犯罪的故事走向，每一起案件背后都会牵出主线剧情，而真正的幕后凶手那超越时代的破坏力，难道Ta也是来自未来？,http://img3m9.ddimg.cn/35/26/29114549-1_l_3.jpg,2020-07-08 江苏凤凰科学技术出版社,100%推荐,148次,¥22.50
185,秘密花园（《语文》推荐阅读丛书）人民文学出版社,http://img3m4.ddimg.cn/77/2/25267154-1_l_2.jpg,金近，陈伯吹，冰波，孙幼军，严文井,100%推荐,340次,¥23.10
186,居里夫人的故事 国际大奖儿童文学读物小学生三四五六年级课外阅读书籍青少年儿童必读名著故事书,http://img3m9.ddimg.cn/21/24/28495389-1_l_3.jpg,2019-06-01 商务印书馆,100%推荐,359次,¥14.60
187,正面管教(修订版),http://img3m0.ddimg.cn/64/6/23990140-1_l_10.jpg,小佚,100%推荐,12091次,¥19.00
188,东野圭吾：祈念守护人（东野圭吾2020年全新长篇，全球同步发售）,http://img3m6.ddimg.cn/33/8/28549356-1_l_15.jpg,2020-08-01 安徽文艺出版社,99.9%推荐,782次,¥6.49
189,乡土中国（精装）2019年语文新课标课外必读图书！畅销十年！费孝通著作！累计评价10万+,http://img3m9.ddimg.cn/41/30/23678069-1_l_6.jpg,（美）弗朗西丝・伯内特,100%推荐,2887次,¥29.50
190,优雅：女性品位进阶之道,http://img3m6.ddimg.cn/32/19/28988816-1_l_5.jpg,2018-04-01 人民文学出版社,100%推荐,183次,¥35.40
191,程序员数学从零开始,http://img3m2.ddimg.cn/54/10/29115162-1_l_1.jpg,[英] 埃列娜・多丽,100%推荐,113次,¥10.50
192,一年级上册语文同步专项训练（全8册）看图说话写话+阅读理解+必背古诗词+看拼音写词语+句子字词训练,http://img3m6.ddimg.cn/81/21/28974906-1_l_8.jpg,2019-08-01 北京日报出版社（原同心出版社）,100%推荐,158次,¥24.10
193,某某（当当专享：2张添望Q版折卡+望仔同学录透卡+温暖小剧场+“考试必过”书签+《某某》读者综合测试卷）,http://img3m1.ddimg.cn/34/22/28996441-1_l_13.jpg,[美] 简・尼尔森,99.8%推荐,585次,¥54.50
194,一只猫的日常,http://img3m4.ddimg.cn/33/11/25066734-1_l_6.jpg,2016-07-01 北京联合出版公司,100%推荐,541次,¥115.00
195,叶嘉莹主编《诗词名家讲系列丛书：中华绝妙诗词曲选注》（10卷本全12册）,http://img3m8.ddimg.cn/53/36/28998638-1_l_3.jpg,（日）东野圭吾  著 ， 新经典  出品,100%推荐,108次,¥34.40
196,2020-2021高考作文高分卷高考满分作文优秀作文素材写作模板原题再现名师解析名校佳作高频素材赠人工智能测评作文卡,http://img3m1.ddimg.cn/44/32/28996451-1_l_12.jpg,2020-06-01 南海出版公司,100%推荐,2556次,¥23.30
197,2021肖秀荣考研政治1000题,http://img3m1.ddimg.cn/69/25/28485141-1_l_5.jpg,费孝通,100%推荐,369次,¥380.00
198,刑法学讲义（罗翔普法故事会，拆穿生活的套路，看透舆论的陷阱，人人都能拥有法学智慧。人民日报、央视激赏推荐，千万读者好评）,http://img3m7.ddimg.cn/10/25/28993447-1_l_19.jpg,2015-05-01 人民出版社,100%推荐,1180次,¥34.80
199,侦探与小偷 （教育部统编《语文》推荐阅读，与语文教材无缝对接，手绘精美插图，金钥匙儿童文学大系）,http://img3m5.ddimg.cn/85/20/26482585-1_l_2.jpg,郭弈翎,99.9%推荐,765次,¥57.90
200,深入浅出R语言数据分析,http://img3m1.ddimg.cn/63/21/29123091-1_l_3.jpg,2020-07-01 中国铁道出版社,100%推荐,106次,¥34.00
201,机器学习与深度学习算法基础,http://img3m7.ddimg.cn/48/28/29125947-1_l_4.jpg,贾壮,100%推荐,105次,¥61.40
202,Scratch 3.0 少儿趣味编程从入门到精通,http://img3m6.ddimg.cn/6/5/29116896-1_l_1.jpg,2020-08-10 北京大学出版社,100%推荐,104次,¥82.10
203,Spring Cloud 开发从入门到实战,http://img3m0.ddimg.cn/28/22/28965250-1_l_3.jpg,"刘黎明,刘佳萱",99.2%推荐,105次,¥61.40
204,神奇校车・图画书版（全12册，新增科学博览会1册）,http://img3m8.ddimg.cn/82/19/25252408-1_l_22.jpg,2020-08-19 北京大学出版社,100%推荐,12449次,¥99.00
205,商业化学反应：缔造高效组织环境的实战秘诀,http://img3m2.ddimg.cn/64/22/29123092-1_l_3.jpg,王勇  编著,100%推荐,105次,¥66.70
206,Python数据分析全流程实操指南,http://img3m0.ddimg.cn/51/21/29122980-1_l_1.jpg,2020-06-01 水利水电出版社,100%推荐,105次,¥54.50
207,丰子恺万般滋味，都是生活,http://img3m5.ddimg.cn/31/23/25308985-1_l_8.jpg,"(美)乔安娜柯尔 著 ,(美)布鲁斯・迪根 图",100%推荐,10376次,¥21.00
208,饮食男女,http://img3m0.ddimg.cn/66/24/28983900-1_l_3.jpg,2018-05-10 贵州人民出版社,99.3%推荐,114次,¥10.99
209,少年的你：李白的诗酒江山,http://img3m3.ddimg.cn/3/12/29119863-1_l_3.jpg,[美]金・克里斯福特(Kim Christfort) [美]苏珊娜・维克伯格(Suzanne Vickberg)著，刘怡 翁维 译,100%推荐,105次,¥25.40
210,Web前端性能优化,http://img3m4.ddimg.cn/28/6/28528264-1_l_1.jpg,2020-09-01 清华大学出版社,100%推荐,106次,¥28.40
211,一个人就一个人（2020刘同全新作品。很少有人像他一样时刻记录生活，细碎、日常、温暖。）,http://img3m8.ddimg.cn/60/20/28984488-1_l_16.jpg,尚涛,99.8%推荐,1426次,¥44.90
212,宝宝昆虫记,http://img3m1.ddimg.cn/77/23/29119541-1_l_3.jpg,2020-09-03 北京大学出版社,100%推荐,90次,¥34.40
213,3-6岁儿童哲学启蒙绘本：无名外星人 睡前亲子故事 探索宇宙的奥秘 小竹马童书,http://img3m0.ddimg.cn/80/21/28997180-1_l_3.jpg,丰子恺,100%推荐,104次,¥75.00
214,一年级上册数学同步训练（全6册） 部编人教版专项训练书20以内加减法认识钟表位置图形数学思维,http://img3m5.ddimg.cn/40/17/28974865-1_l_9.jpg,2018-09-01 华中科技大学出版社,100%推荐,149次,¥28.00
215,婴幼儿童亲子共读绘本：会消失的湖 世界插画大奖提名作者新作 想象、地理与艺术启蒙之旅 小竹马童书,http://img3m9.ddimg.cn/89/30/28997189-1_l_3.jpg,阿米 著,100%推荐,103次,¥74.20
216,我们要赢的，是自己,http://img3m1.ddimg.cn/18/27/28537461-1_l_6.jpg,2020-07-01 国际文化出版公司,100%推荐,104次,¥24.50
217,徐霞客山河异志2：大明暗卫（讲述中国旅行鼻祖的旅行机密！非常少见的古代旅行悬疑小说）,http://img3m6.ddimg.cn/93/31/28988976-1_l_3.jpg,桃花月球 著，交通社出品，有容书邦发行,100%推荐,207次,¥32.70
218,信谊世界精选图画书・爷爷一定有办法,http://img3m9.ddimg.cn/60/36/25227339-1_l_4.jpg,2020-08-01 人民交通出版社,100%推荐,2664次,¥24.50
219,乌合之众：群体心理研究（精装收藏版）,http://img3m4.ddimg.cn/67/19/29000434-1_l_6.jpg,陈铎鑫,100%推荐,129次,¥18.40
220,3-6岁儿童哲学启蒙绘本：狗吃了我的作业 睡前亲子故事 激发超凡想象力 小竹马童书,http://img3m8.ddimg.cn/78/19/28997178-1_l_3.jpg,2020-03-28 北京大学出版社,100%推荐,102次,¥9.90
221,家的整理：拯救人生的整理法则（整理，就是找到人生必需品的过程）,http://img3m5.ddimg.cn/35/35/29120885-1_l_3.jpg,[日] 井田典子 著 快读慢活 出品,100%推荐,102次,¥24.00
222,一读就上瘾的中国史,http://img3m1.ddimg.cn/60/21/28992111-1_l_16.jpg,2020-09-01 江苏凤凰文艺出版社,99.9%推荐,291次,¥12.00
223,三年级上册数学同步训练（全6册）部编人教版专项练习册（时分秒+万以内的加减法+长方形和正方形测量+分数的认识+数学思维）,http://img3m7.ddimg.cn/31/34/28993567-1_l_6.jpg,温伯陵,100%推荐,201次,¥26.20
224,中文分级阅读K1 小鸟念书（亲近母语）,http://img3m0.ddimg.cn/25/18/29001580-1_l_2.jpg,2020-09-01 台海出版社,100%推荐,101次,¥17.99
225,红楼梦原著版（上、下册）（全两册）（1-9年级必读书单）（团购电话:400-1066666转6）全本120回,http://img3m1.ddimg.cn/9/22/102771-1_l_5.jpg,王爱国，刘亚芹,99.8%推荐,7579次,¥90.00
226,未来已来：大变局时代发展指南,http://img3m8.ddimg.cn/70/28/29123098-1_l_2.jpg,2020-07-01 团结出版社,100%推荐,100次,¥27.60
227,做高效能父母：正面管教的七大法则(不吼不叫，妈妈知道怎么用科学的育儿方法，读懂孩子的心）,http://img3m0.ddimg.cn/20/21/29124830-1_l_3.jpg,胡木仁，果麦文化 出品,100%推荐,100次,¥38.50
228,3-6岁儿童哲学启蒙绘本：从前有只猴 睡前亲子故事 帮助孩子正视缺点 小竹马童书,http://img3m2.ddimg.cn/68/25/28979942-1_l_2.jpg,2020-09-01 山东文艺出版社,100%推荐,108次,¥36.00
229,3-6岁儿童哲学启蒙绘本：嘀嘀咕咕去散步 睡前亲子故事 鼓励孩子探索成长 小竹马童书,http://img3m5.ddimg.cn/90/2/28973925-1_l_3.jpg,曹雪芹,100%推荐,105次,¥51.70
230,三年级上册语文同步专项训练（全8册）看图说话写话+阅读理解+必背古诗词+看拼音写词语+句子字词训练,http://img3m1.ddimg.cn/45/11/28993581-1_l_3.jpg,2013-01-01 人民文学出版社,100%推荐,203次,¥18.30
231,中文分级阅读K1 小狐狸打灯油（亲近母语）,http://img3m9.ddimg.cn/24/17/29001579-1_l_3.jpg,[澳]迈克尔・麦昆（Michael McQueen）著，周建兴 译,100%推荐,102次,¥12.99
232,中文分级阅读K1 哪吒闹海（亲近母语）,http://img3m7.ddimg.cn/22/15/29001577-1_l_3.jpg,2020-09-01 清华大学出版社,100%推荐,100次,¥28.00
233,中文分级阅读K1 节日的传说（亲近母语）,http://img3m5.ddimg.cn/20/13/29001575-1_l_3.jpg,张意妮,100%推荐,100次,¥28.00
234,中文分级阅读K1 流星花（亲近母语）,http://img3m6.ddimg.cn/21/14/29001576-1_l_3.jpg,2020-07-31 中国华侨出版社,100%推荐,101次,¥132.70
235,中文分级阅读K1 很久很久以前（亲近母语）,http://img3m4.ddimg.cn/19/12/29001574-1_l_3.jpg,薛陆洋,100%推荐,100次,¥27.60
236,中文分级阅读K1 最会偷东西的大盗贼（亲近母语）,http://img3m1.ddimg.cn/26/19/29001581-1_l_2.jpg,2020-06-01 江苏凤凰科学技术出版社,100%推荐,99次,¥23.50
237,中文分级阅读K1 大树上的书（亲近母语）,http://img3m2.ddimg.cn/17/10/29001572-1_l_3.jpg,【巴西】毛利・曼德斯，黎亮 译,100%推荐,100次,¥23.50
238,中文分级阅读K1 奔跑的圆（亲近母语）,http://img3m3.ddimg.cn/28/21/29001583-1_l_3.jpg,2020-06-01 江苏凤凰科学技术出版社,100%推荐,100次,¥28.40
239,中文分级阅读K2 中国神话和传说（亲近母语）,http://img3m2.ddimg.cn/37/30/29001592-1_l_3.jpg,吴晓珍，谢秀珍,100%推荐,101次,¥27.60
240,中文分级阅读K2 原来如此的故事（亲近母语）,http://img3m1.ddimg.cn/36/29/29001591-1_l_3.jpg,2020-07-01 团结出版社,100%推荐,99次,¥30.00
241,中文分级阅读K2 成语故事（亲近母语）,http://img3m5.ddimg.cn/30/23/29001585-1_l_3.jpg,亲近母语研究院，果麦文化 出品,100%推荐,101次,¥23.50
242,你有多努力，就有多幸运（当当专享 作者亲笔签名版）,http://img3m1.ddimg.cn/61/4/29114971-1_l_6.jpg,2020-08-01 山东画报出版社,99%推荐,344次,¥22.50
243,一身孤注掷温柔 全4册套装（阮经天、祝绪丹主演电视剧原著小说）,http://img3m8.ddimg.cn/63/2/29117448-1_l_3.jpg,善良的蜜蜂,100%推荐,129次,¥74.00
244,你就是孩子最好的玩具 樊登推荐,http://img3m5.ddimg.cn/98/2/28517345-1_l_3.jpg,2020-09-01 天地出版社,100%推荐,760次,¥13.70
245,乡土中国 高中“读整本书”推荐阅读（精装典藏 朱永新及各省级教育专家审订推荐）,http://img3m7.ddimg.cn/85/16/25858687-1_l_2.jpg,春衫冷,99.9%推荐,379次,¥29.00
246,【已售罄】【100％亲笔签名】地球上线.2（限量签名版，8月20日17:00准时开启限量预订）,http://img3m8.ddimg.cn/92/32/29000558-1_l_6.jpg,2020-08-01 人民文学出版社,99%推荐,196次,¥34.40
247,中国最美的100个地方 图说天下 国家地理,http://img3m6.ddimg.cn/53/26/22790546-1_l_1.jpg,（美）金伯莉・布雷恩 著    夏欣茁 译,99.9%推荐,1179次,¥8.70
248,神奇校车・桥梁书版（全20册）,http://img3m0.ddimg.cn/61/3/23444350-1_l_4.jpg,2020-03-01 南方出版社,99.9%推荐,36586次,¥8.00
249,乾隆皇帝的家庭生活与内心世界,http://img3m3.ddimg.cn/82/28/29115883-1_l_1.jpg,费孝通,100%推荐,101次,¥75.00
250,偷偷藏不住（共2册）,http://img3m6.ddimg.cn/25/7/28525786-1_l_3.jpg,2018-10-01 商务印书馆,99.9%推荐,577次,¥67.90
251,轻狂2 畅销书作家巫哲燃情力作 当当专属印签版！,http://img3m2.ddimg.cn/73/21/28999252-1_l_22.jpg,莫晨欢,99.8%推荐,186次,¥39.20
252,价值：我对投资的思考 （高瓴资本创始人兼首席执行官张磊的首部力作，团购请致电400-106-6666转6）,http://img3m6.ddimg.cn/93/8/29117676-1_l_12.jpg,2020-08-01 天津人民出版社,96.1%推荐,147次,¥31.50
253,元素周期表,http://img3m0.ddimg.cn/8/32/23992460-1_l_3.jpg,"<图说天下,国家地理系列>编委会",99.9%推荐,2440次,¥88.50
254,小王子（袁泉、王一博推荐，畅销380万册，1166229条当当读者五星好评。作者基金会官方认证简体中文版）【果麦经典】,http://img3m6.ddimg.cn/15/33/25298376-1_l_24.jpg,2012-06-01 北京联合出版公司,100%推荐,2979次,¥41.99
255,【亲笔签名】入池（签名版，网络原名：不要在垃圾桶里捡男朋友）,http://img3m5.ddimg.cn/52/22/29115655-1_l_6.jpg,乔安娜柯尔　著 布鲁斯迪根 图　施芳　译,96.6%推荐,139次,¥2.50
256,哈利・波特（套装1-7册）《语文》教材推荐阅读书目，外国儿童文学经典，新英国版封面平装版,http://img3m6.ddimg.cn/22/0/25583206-1_l_3.jpg,2014-04-01 贵州人民出版社,100%推荐,1978次,¥17.70
257,钱穆谈中国历史文化：中国历史精神,http://img3m8.ddimg.cn/49/9/27874588-1_l_1.jpg,陈葆真,100%推荐,986次,¥1.99
258,小巴掌童话注音版8册百篇张秋生一二年级课外书必读三年级课外阅读书籍少儿美绘本经典故事书儿童文学畅销童书小学生读物6-12周岁,http://img3m8.ddimg.cn/29/35/25309478-1_l_5.jpg,2020-08-18 北京大学出版社,99.9%推荐,2043次,¥32.80
259,米小圈上学记二年级（套装共4册）,http://img3m3.ddimg.cn/87/17/25261323-1_l_3.jpg,"竹已 著,  悦读纪 出品",100%推荐,20942次,¥258.00
260,我爸爸+我妈妈（全2册）――清华附小推荐经典儿童绘本 ！（启发童书馆出品）,http://img3m0.ddimg.cn/27/8/27913770-1_l_3.jpg,2020-04-01 青岛出版社,100%推荐,881次,¥150.00
261,东野圭吾：沉默的巡游 （2020年全新力作 中文简体版初次上市）,http://img3m4.ddimg.cn/95/15/28522094-1_l_3.jpg,（日）东野圭吾  著 ， 新经典  出品,100%推荐,1458次,¥26.60
262,半小时漫画宋词2（漫画科普开创者二混子新作！全网粉丝1300万！别光笑！有考点！）,http://img3m4.ddimg.cn/92/29/28996004-1_l_3.jpg,2020-03-01 南海出版公司,100%推荐,113次,¥38.35
263,流浪的地球（刘慈欣著，无删节无改写，大人孩子均可阅读，此版本当当网销量遥遥领先！根据本书改编的同名电影2019春节上映。）,http://img3m0.ddimg.cn/44/29/25259300-1_l_8.jpg,陈磊.半小时漫画团队 著;读客文化 出品,100%推荐,5135次,¥24.70
264,半小时漫画科学史（漫画式科普开创者二混子新作！从地心说到相对论，半小时读懂人类如何从蒙昧走向理性。）（随机专享签章版）,http://img3m8.ddimg.cn/38/25/28556588-1_l_7.jpg,2020-07-31 上海文艺出版社,100%推荐,640次,¥15.40
265,"破云.2（作者新增番外《建宁男团出道记（上）》,随书附赠严�l江停登机牌透卡+主角海报+随机掉落人物卡牌！）",http://img3m8.ddimg.cn/97/7/28973338-1_l_3.jpg,刘慈欣 著，小当当童书馆 出品,99.9%推荐,605次,¥21.00
266,母爱的羁绊 麦克布莱德 正版书籍,http://img3m6.ddimg.cn/87/27/1422189636-1_l_3.jpg,2018-05-01 浙江教育出版社,100%推荐,89次,¥35.20
267,爱上钢琴（全3册）,http://img3m2.ddimg.cn/74/30/29115182-1_l_3.jpg,陈磊・半小时漫画团队 著；读客文化 出品,100%推荐,161次,¥20.99
268,企业融资：策略・流程・案例一本通,http://img3m7.ddimg.cn/71/28/28994597-1_l_2.jpg,2020-05-31 文汇出版社,100%推荐,2020次,¥67.50
269,追风筝的人（2018年新版）,http://img3m5.ddimg.cn/26/14/25238195-1_l_3.jpg,淮上,100%推荐,14054次,¥24.90
270,朝花夕拾（未删减版） 七年级上 人教版名著阅读课程化丛书 教材推荐必读书目 人民教育出版社（入选中小学生阅读指导目录 推荐阅读）,http://img3m7.ddimg.cn/32/5/25112867-1_l_6.jpg,2020-06-01 江苏凤凰文艺出版社,100%推荐,1087次,¥18.00
271,朝花夕拾(语文教材七年级上必读；大语文理念打造：思维导图+详细注释+知识拓展+彩色插图。上市即畅销25000册),http://img3m1.ddimg.cn/68/21/28535531-1_l_20.jpg,（美）麦克布莱德，于玲娜,99.9%推荐,235次,¥4.99
272,大国大民――王志纲话说中国人,http://img3m1.ddimg.cn/52/35/28991311-1_l_6.jpg,2015-09-01 机械工业出版社,99.9%推荐,541次,¥17.10
273,一年级必读经典书目 格林童话+安徒生童话+一千零一夜+伊索寓言彩绘注音版（4册）睡前故事书0-3-6--7-10岁拼音读物一二三年级课外阅读必读书籍经典书目,http://img3m8.ddimg.cn/5/17/1165837568-1_l_2.jpg,（美）萨莉・科韦莱斯奇（美）彼得・古德里奇,99.6%推荐,609次,¥17.50
274,信谊世界精选图画书・逃家小兔,http://img3m0.ddimg.cn/61/0/25227340-1_l_5.jpg,2020-07-30 北京科学技术出版社,100%推荐,1894次,¥29.90
275,《写给儿童的中国历史》（全彩铜版14册）中国孩子历史启蒙首选书，连续六年当当童书榜历史类图书状元！加印30次，累销1800万本，读者好评760000+,http://img3m6.ddimg.cn/76/35/23427436-1_l_6.jpg,胡华成,99.9%推荐,10971次,¥39.99
276,红星照耀中国（未删减版） 八年级上 人教版名著阅读课程化丛书 教材推荐必读书目 人民教育出版社 团购电话4001066666转6,http://img3m0.ddimg.cn/71/23/25278830-1_l_6.jpg,2020-08-01 电子工业出版社,99.9%推荐,1814次,¥9.90
277,童年（快乐读书吧・六年级上指定阅读，今年暑期月均销15000册，著名翻译家郑海凌无删节全译）,http://img3m2.ddimg.cn/31/24/25126132-1_l_1.jpg,[美]卡勒德・胡赛尼（Khaled Hosseini） 著，李继宏 译,100%推荐,859次,¥16.10
278,明朝那些事儿全集 增补版（新版全套9册）,http://img3m3.ddimg.cn/38/27/25102973-1_l_4.jpg,2006-05-01 上海人民出版社,100%推荐,4482次,¥177.50
279,顿悟时刻（超高质感精装哲思书，让你的精神世界不止一次被照亮，一部读得出“内心刺痛感”的深度巨作）,http://img3m9.ddimg.cn/59/31/29119919-1_l_9.jpg,鲁迅 著,100%推荐,112次,¥33.70
280,小狗钱钱套装（全2册）青春有你吴泽林推荐！一个童话般的理财故事，一幅没有画框的风景。,http://img3m0.ddimg.cn/1/13/25259950-1_l_5.jpg,2017-06-01 人民教育出版社,100%推荐,3707次,¥16.90
281,西游记（上下册）（未删减版）七年级上 人教版名著阅读课程化丛书 教材推荐必读书目 人民教育出版社（入选中小学生阅读指导目录 推荐阅读）,http://img3m5.ddimg.cn/40/11/25141585-1_l_1.jpg,（明）吴承恩 著,100%推荐,995次,¥49.40
282,新课标 边城（沈从文代表作）,http://img3m9.ddimg.cn/3/1/26922459-1_l_3.jpg,2017-07-01 人民教育出版社,99.9%推荐,2603次,¥15.70
283,异地恋的我们：一约既定，万山无阻,http://img3m4.ddimg.cn/41/20/27942494-1_l_3.jpg,沈从文,99.9%推荐,201次,¥5.99
284,突然好想大哭一场（签名版，附赠专享明信片）,http://img3m8.ddimg.cn/87/13/29000058-1_l_10.jpg,2019-04-01 中国友谊出版公司,100%推荐,104次,¥19.42
285,乌丢丢的奇遇（师生家长共读本）精美插图版 曹文轩推荐儿童文学经典 中小学生课外阅读经典 45万多名读者热评！,http://img3m3.ddimg.cn/20/24/25257593-1_l_15.jpg,夏至著，交通社出品 有容书邦发行,100%推荐,4958次,¥14.80
286,乡土中国（《语文》推荐阅读丛书 人民文学出版社）清华校长推荐阅读,http://img3m2.ddimg.cn/23/36/27937922-1_l_3.jpg,2019-10-01 人民交通出版社,99.9%推荐,172次,¥22.50
287,我的第一本地理启蒙书,http://img3m8.ddimg.cn/42/6/23967348-1_l_17.jpg,黄伟康 后浪,100%推荐,18103次,¥12.70
288,觉醒（梁晓声2020重磅长篇）精装版,http://img3m1.ddimg.cn/73/20/29116171-1_l_9.jpg,2020-08-01 中国友谊出版公司,95.8%推荐,106次,¥16.60
289,中国民间故事 快乐读书吧 五年级上册推荐阅读(中小学生课外阅读指导丛书)无障碍阅读 彩插励志版 15000多名读者热评！,http://img3m2.ddimg.cn/30/32/27898032-1_l_4.jpg,金波 著,100%推荐,465次,¥24.90
290,中华人民共和国民法典（大字版）（32开大字条旨红皮烫金）2020年6月新版 团购电话：4001066666转6,http://img3m7.ddimg.cn/19/9/28553797-1_l_26.jpg,2015-04-01 北京教育出版社,99.9%推荐,412次,¥29.50
291,小学生作文获奖作文1000篇 超52万读者好评！老师推荐作文素材 作文书 4 6年级作文书 3 4年级小学作文书 三四五六年级作文优秀分类小考满分作文 波波乌作文,http://img3m2.ddimg.cn/2/23/20998892-1_l_38.jpg,费孝通,100%推荐,10212次,¥19.99
292,皮囊【薇娅推荐】（400万册纪念版。直面人生的终极问题，刻在骨头里的故事，容纳一个个既失去家乡又未到达远方的生命。）,http://img3m1.ddimg.cn/3/6/27872661-1_l_13.jpg,2019-09-01 人民文学出版社,100%推荐,2813次,¥15.50
293,长征修订版(团购更优惠 电话：4001066666转6）,http://img3m9.ddimg.cn/85/17/24009169-1_l_9.jpg,郑利强 段虹(绘) 步印童书 出品,100%推荐,934次,¥11.30
294,项塔兰（樊登读书会推荐，当当专享“项塔兰语录”记事本。喜爱阅读的人一生都在寻找的伟大小说！全球畅销600万册的文学经典！）,http://img3m8.ddimg.cn/73/17/28990738-1_l_7.jpg,2016-06-01 新世界出版社,100%推荐,80次,¥25.60
295,犹太人3000年（彩图精装典藏版）,http://img3m1.ddimg.cn/95/24/28993631-1_l_3.jpg,梁晓声 著，新华先锋 出品,99.9%推荐,239次,¥0.00
296,小王子（名家全译本，原版插图精美再现，版语文教材阅读，傅雷翻译出版奖得主郑克鲁法语原文直译）,http://img3m6.ddimg.cn/34/34/25289386-1_l_1.jpg,2020-09-01 天津人民出版社,99.9%推荐,1437次,¥22.20
297,大国崛起  团购电话:4001066666转6,http://img3m6.ddimg.cn/2/6/9239276-1_l_7.jpg,闻钟主编,99.6%推荐,4034次,¥9.99
298,稻草人（语文教材三年级上册“快乐读书吧”篇目，手绘精美插图）,http://img3m9.ddimg.cn/57/20/26315049-1_l_5.jpg,2019-06-01 南方出版社,100%推荐,640次,¥60.80
299,情话微微甜（全2册）当当特供签名本,http://img3m4.ddimg.cn/28/32/28997524-1_l_6.jpg,中国法制出版社,100%推荐,198次,¥26.00
300,徐霞客游记：译注本,http://img3m5.ddimg.cn/89/25/28545155-1_l_3.jpg,2020-06-01 中国法制出版社,100%推荐,207次,¥26.00
301,我们仨（新版）,http://img3m4.ddimg.cn/49/19/25284154-1_l_3.jpg,杨绛,100%推荐,10714次,¥15.40
302,中国少年儿童百科全书全4册彩图小学生科普百科课外阅读书籍十万个为什么儿童版一年级二年级课外阅读书籍红星照耀中国,http://img3m8.ddimg.cn/79/25/1662872488-1_l_4.jpg,2018-06-01 生活.读书.新知三联书店,99.7%推荐,153次,¥13.80
303,信谊世界精选图画书・蚯蚓的日记,http://img3m2.ddimg.cn/62/13/25227242-1_l_5.jpg,埃德加・斯诺,100%推荐,2832次,¥6.80
304,我心归处是敦煌：樊锦诗自述（2019中国好书！2019感动中国人物！人民日报推荐 “敦煌的女儿”樊锦诗唯一自传）团购电话:4001066666转6,http://img3m6.ddimg.cn/36/4/27931896-1_l_12.jpg,2020-07-01 人民文学出版社,100%推荐,756次,¥18.40
305,胡桃夹子 国际大奖儿童文学读物小学生三四五六年级课外阅读书籍青少年儿童必读名著故事书,http://img3m0.ddimg.cn/22/25/28495390-1_l_3.jpg,[美] 朵琳・克罗宁 著；[美] 哈利・布里斯 绘；陈宏淑 译,100%推荐,237次,¥36.70
306,天利38套 历史《大事年表》,http://img3m4.ddimg.cn/65/17/26487614-1_l_4.jpg,2013-04-01 明天出版社,99.9%推荐,775次,¥14.60
307,非暴力沟通,http://img3m2.ddimg.cn/73/2/25334272-1_l_1.jpg,樊锦诗  口述； 顾春芳  撰写,100%推荐,2543次,¥2.40
308,米小圈漫画成语（套装共5册）,http://img3m3.ddimg.cn/84/31/28519113-1_l_5.jpg,2019-10-01 译林出版社,100%推荐,422次,¥29.40
309,成语接龙600条,http://img3m1.ddimg.cn/62/24/27882521-1_l_2.jpg,E.T.A.霍夫曼,100%推荐,432次,¥15.90
310,唐诗鉴赏辞典（新一版）,http://img3m5.ddimg.cn/43/13/23339095-1_l_8.jpg,2019-08-01 北京日报出版社（原同心出版社）,99.8%推荐,2832次,¥47.00
311,论语译注（简体字本） 修订新版,http://img3m1.ddimg.cn/94/2/25163221-1_l_2.jpg,教学考试研究院,100%推荐,5860次,¥5.80
312,几米：星空（热播剧《以家人之名》宋威龙饰凌霄同款睡前读物&珍藏绘本）,http://img3m3.ddimg.cn/67/24/23426833-1_l_1.jpg,2019-01-01 西藏人民出版社,99.8%推荐,469次,¥77.40
313,乡土中国 整本书阅读与检测（统编语文教科书整本书阅读丛书）,http://img3m4.ddimg.cn/80/35/28972034-1_l_13.jpg,（美）马歇尔?卢森堡著   阮胤华译,100%推荐,202次,¥16.90
314,现代汉语词典 第七版+古汉语常用字字典单色本 商务印书馆（第5版第六版升级版） 精装全2本字典词典工具书,http://img3m9.ddimg.cn/46/22/1108808659-1_l_7.jpg,2018-08-31 华夏出版社,99.7%推荐,138次,¥0.00
315,杀死一只知更鸟（豆瓣9.2，关于勇气与正义的成长教科书，影响全球5000万家庭的“教养宝典”，奥巴马、贝克汉姆、奥普拉鼎力推荐）,http://img3m2.ddimg.cn/1/34/24185602-1_l_4.jpg,北猫,100%推荐,2652次,¥22.30
316,霍乱时期的爱情（《百年孤独》作者马尔克斯传世巨著，展示爱情的所有可能）,http://img3m0.ddimg.cn/59/31/28522850-1_l_4.jpg,2020-01-01 四川少儿出版社,100%推荐,614次,¥18.00
317,格林童话精选（《语文》推荐阅读丛书）人民文学出版社,http://img3m8.ddimg.cn/41/3/25267118-1_l_3.jpg,本书编委,99.9%推荐,217次,¥105.00
318,人生处处是修行（当当专享静心字帖！从阿里高管到托钵行走再到山间修行，鬼脚七写给你的修心课，内心不焦虑的活法。）,http://img3m4.ddimg.cn/55/12/28998244-1_l_5.jpg,2018-06-01 商务印书馆国际有限公司,100%推荐,77次,¥25.90
319,季羡林：人间岁月长,http://img3m4.ddimg.cn/55/26/28540864-1_l_7.jpg,俞平伯 等,99.9%推荐,418次,¥34.50
320,一千零一夜（五年级上 快乐读书吧）,http://img3m5.ddimg.cn/61/3/28993795-1_l_3.jpg,2013-08-01 上海辞书出版社,100%推荐,264次,¥25.70
321,和大人一起读（一至四册） 一年级上册 曹文轩 陈先云 主编 统编语文教科书配套书目 人教版快乐读书吧阅读课程化丛书,http://img3m3.ddimg.cn/90/20/27931653-1_l_4.jpg,曹文轩、陈先云 主编,100%推荐,397次,¥29.90
322,3-6岁儿童哲学启蒙绘本：救命啊 睡前亲子故事 发现生命的美好 小竹马童书,http://img3m7.ddimg.cn/51/5/28982697-1_l_3.jpg,2019-08-01 人民教育出版社,100%推荐,85次,¥28.00
323,月亮与六便士（新版全注释无删减。荣登豆瓣年度高分榜。毛姆代表作、畅销百万册。梁文道李银河推荐、李继宏译本）【果麦经典】,http://img3m2.ddimg.cn/96/0/29114412-1_l_8.jpg,[英] 法伦・菲利普斯,5.9%推荐,101次,¥14.90
324,新东方 四级词汇词根+联想记忆法：乱序版 100册以上团购请致电：400-106-6666转6,http://img3m5.ddimg.cn/81/23/25220925-1_l_5.jpg,2020-06-01 江苏凤凰科学技术出版社,100%推荐,2720次,¥37.80
325,牛津中阶英汉双解词典（第5版）,http://img3m5.ddimg.cn/60/4/24009045-1_l_12.jpg,毛姆，译者：李继宏，果麦文化 出品,99.9%推荐,1347次,¥9.64
326,【已售罄】将进酒：终章 签名版（共2册）,http://img3m9.ddimg.cn/52/4/29000419-1_l_6.jpg,2020-08-01 江苏凤凰文艺出版社,94.8%推荐,127次,¥96.10
327,长安客（张颂文推荐，大唐版《人类群星闪耀时》，李白、杜甫、王维、白居易、元稹、柳宗元、刘禹锡、李商隐，八位诗人的命运特写）,http://img3m6.ddimg.cn/23/28/28558256-1_l_12.jpg,俞敏洪,99.9%推荐,1277次,¥39.00
328,我们的身体,http://img3m7.ddimg.cn/57/36/23946177-1_l_28.jpg,2017-12-01 海豚出版社,99.9%推荐,12321次,¥20.10
329,迦太基启示录：海洋帝国的崛起与覆亡,http://img3m7.ddimg.cn/23/4/29001677-1_l_2.jpg,[英]艾莉森・沃特斯 [英]维多利亚・布尔 编，刘常华 等译,100%推荐,74次,¥12.99
330,一千零一夜（《语文》推荐阅读丛书）人民文学出版社,http://img3m8.ddimg.cn/12/36/25267188-1_l_3.jpg,2016-07-01 商务印书馆,100%推荐,227次,¥58.00
331,曹文轩纯美小说系列：草房子,http://img3m7.ddimg.cn/82/12/23953627-1_l_6.jpg,"唐酒卿 著,酷威文化 出品",100%推荐,8820次,¥39.30
332,罗生门（芥川龙之介小说集）《人间失格》作者太宰治是芥川的头号书迷，李现推荐,http://img3m4.ddimg.cn/14/2/25190564-1_l_2.jpg,2020-09-01 江苏凤凰文艺出版社,100%推荐,6035次,¥24.10
333,亲近母语 日有所诵 第五版 小学一年级,http://img3m1.ddimg.cn/8/17/25094231-1_l_3.jpg,北溟鱼，果麦文化 出品,100%推荐,2224次,¥9.40
334,房思琪的初恋乐园 （豆瓣9.2高分！数百万读者强烈共鸣的文学绝唱）,http://img3m8.ddimg.cn/14/27/25208978-1_l_3.jpg,2020-05-01 天津人民出版社,100%推荐,5768次,¥14.00
335,你想活出怎样的人生（宫崎骏从10岁读到70岁的小说，同名电影制作中，登顶日本2018图书总榜）,http://img3m0.ddimg.cn/37/36/27911800-1_l_3.jpg,[法]艾德兰  文，[法]巴尔博里尼  绘，荣信教育  出品,100%推荐,1885次,¥1.99
336,现代汉语词典第7版+古汉语常用字字典第5版（套装2本） 商务印书馆,http://img3m6.ddimg.cn/29/11/24210776-1_l_3.jpg,2012-06-01 未来出版社,99.9%推荐,127次,¥17.00
337,洛克菲勒留给儿子的38封信,http://img3m8.ddimg.cn/30/25/22859328-1_l_1.jpg,[日]森本哲郎,99.8%推荐,698次,¥31.80
338,史记（精装新版，全三册）,http://img3m9.ddimg.cn/56/8/25308119-1_l_2.jpg,2020-07-01 重庆出版社,100%推荐,1452次,¥19.99
339,论语（国学启蒙经典系列。全文注音+详尽注释+精准翻译，无需古文基础，也能轻松读懂）,http://img3m1.ddimg.cn/34/36/26487781-1_l_5.jpg,阿拉伯民间故事 王瑞琴 译,100%推荐,1230次,¥24.70
340,万历十五年 一本好书 腾讯视频栏目推荐,http://img3m5.ddimg.cn/98/7/23445575-1_l_7.jpg,2018-04-01 人民文学出版社,99.8%推荐,14387次,¥126.60
341,米小圈脑筋急转弯（第二辑）(套装共4册）,http://img3m8.ddimg.cn/35/20/28552328-1_l_3.jpg,北猫,100%推荐,300次,¥30.40
342,朗文・外研社・新概念英语1英语初阶学生用书（全新版附扫码音频）,http://img3m8.ddimg.cn/33/7/28486788-1_l_6.jpg,2020-06-01 四川少儿出版社,100%推荐,326次,¥31.90
343,东野圭吾：解忧杂货店（胡歌、王俊凯、刘昊然倾情推荐，东野圭吾长篇小说代表作，这家店帮你找回内心流失的东西）,http://img3m8.ddimg.cn/92/3/23464478-1_l_10.jpg,亚历山大（L. G. Alexander），何其莘,99.9%推荐,20786次,¥27.30
344,成功，动机与目标,http://img3m5.ddimg.cn/44/5/1515986945-1_l_1.jpg,2019-09-02 外语教学与研究出版社,100%推荐,58次,¥20.72
345,心智力  商业奇迹的底层思维 （团购，请致电400-106-6666转6）,http://img3m6.ddimg.cn/31/12/1422322636-1_l_1.jpg,(日)东野圭吾 著，新经典 出品,100%推荐,63次,¥31.90
346,青铜葵花正版曹文轩纯美小说7-8-9-10-12岁草房子系列儿童文学校园青少年版四五六年级下册小学生课外阅读书籍全套原版完整版,http://img3m2.ddimg.cn/41/5/23949032-1_l_4.jpg,2014-05-01 南海出版公司,100%推荐,7773次,¥9.40
347,撒野3完结篇（下单抽送亲签明信片！随书附赠明信片3张、书签1张、主角透卡1张）,http://img3m2.ddimg.cn/90/14/28541592-1_l_9.jpg,(美)霍尔沃森,100%推荐,1372次,¥35.50
348,枪炮、病菌与钢铁――人类社会的命运(修订版）,http://img3m5.ddimg.cn/55/4/24010525-1_l_6.jpg,2013-03-01 译林出版社,99.9%推荐,3844次,¥27.50
349,破云（高人气畅销书作家淮上震撼人心的刑侦悬疑巨作！蝉联平台季榜、年榜、订阅榜等各大金榜！随书赠送破云主角海报+高甜互动贴纸！）,http://img3m5.ddimg.cn/89/29/27901655-1_l_1.jpg,李中莹,99.9%推荐,1961次,¥17.99
350,稻草人 快乐读书吧 三年级上册推荐阅读(中小学生课外阅读指导丛书)无障碍阅读 彩插励志版 270000多名读者热评！,http://img3m7.ddimg.cn/49/15/22854397-1_l_22.jpg,2018-03-01 电子工业出版社,99.9%推荐,12058次,¥35.20
351,把自己作为方法：与项飙谈话,http://img3m9.ddimg.cn/83/1/28986689-1_l_3.jpg,曹文轩,99.9%推荐,110次,¥11.20
352,小学生英语音标速查表,http://img3m3.ddimg.cn/42/9/27880323-1_l_1.jpg,2016-04-01 江苏少年儿童出版社,99.9%推荐,952次,¥32.60
353,猜猜我有多爱你 绘本 硬皮精装幼儿园小学一二年级儿童宝宝早教亲子童话故事图书籍0-1-3-5-6-8周岁非注音版睡前读物情商启蒙朗读者,http://img3m9.ddimg.cn/77/10/1002495659-1_l_10.jpg,巫哲,99.8%推荐,191次,¥3.20
354,人体简史（你的记忆能被篡改！一部从头讲到脚、从里讲到外、从30亿年前讲到今天的人体百科全书！罗振宇推荐）（作者随机印签版）,http://img3m5.ddimg.cn/65/1/28977365-1_l_18.jpg,2020-04-03 江苏凤凰文艺出版社,99.9%推荐,986次,¥35.60
355,2021肖秀荣考研政治知识点精讲精练,http://img3m6.ddimg.cn/53/21/28485026-1_l_5.jpg,[美]贾雷德・戴蒙德著 谢延光译,100%推荐,342次,¥34.90
356,城南旧事(中小学生课外阅读指导丛书)无障碍阅读 彩插励志版 400000多名读者热评！,http://img3m9.ddimg.cn/48/18/22800639-1_l_14.jpg,2016-07-01 上海译文出版社,99.9%推荐,17820次,¥16.99
357,边城 沈从文全集 （纪念典藏版）精选沈从文代表性的小说 中国现代文学 儿童文学 小说 散文作品书籍,http://img3m8.ddimg.cn/85/1/1512087178-1_l_2.jpg,淮上,99.7%推荐,303次,¥57.90
358,红岩,http://img3m1.ddimg.cn/79/2/25167661-1_l_3.jpg,2019-06-20 江苏凤凰文艺出版社,100%推荐,9132次,¥9.00
359,博弈论,http://img3m1.ddimg.cn/90/13/28988181-1_l_3.jpg,叶圣陶著,99.6%推荐,71次,¥1.00
360,家人闲坐，灯火可亲 汪曾祺散文集（愿你有家可回，有人可等。三餐有味，四季有景）,http://img3m9.ddimg.cn/28/2/28530739-1_l_12.jpg,2012-08-01 商务印书馆,100%推荐,1973次,¥20.40
361,米小圈上学记三年级（套装共4册）,http://img3m4.ddimg.cn/88/18/25261324-1_l_3.jpg,北猫,100%推荐,27871次,¥42.80
362,精进写作：如何成为一名写作高手,http://img3m4.ddimg.cn/64/34/29002114-1_l_5.jpg,2018-04-01 四川少儿出版社,99.8%推荐,1053次,¥29.00
363,西游记（上下）原著（《语文》推荐阅读丛书 人民文学出版社）,http://img3m4.ddimg.cn/94/13/25283704-1_l_2.jpg,弘丹,100%推荐,1022次,¥39.20
364,【已售罄】【100％亲笔签名】当年万里觅封侯（随书附赠郁赦海报+《诗经》手账本+精美明信片1）,http://img3m6.ddimg.cn/28/32/29122066-1_l_3.jpg,2020-08-01 电子工业出版社,95.6%推荐,65次,¥35.80
365,罗尔德・达尔作品典藏 了不起的狐狸爸爸,http://img3m2.ddimg.cn/48/36/25110012-1_l_10.jpg,吴承恩,100%推荐,23161次,¥13.60
366,宫西达也恐龙系列全套7册（你看起来好像很好吃+我是霸王龙等）,http://img3m6.ddimg.cn/37/10/24079906-1_l_21.jpg,2018-05-30 人民文学出版社,100%推荐,51684次,¥2.99
367,全球最美的100个地方 图说天下 国家地理,http://img3m7.ddimg.cn/54/27/22790547-1_l_1.jpg,漫漫何其多,99.9%推荐,2660次,¥71.80
368,"小学生必背古诗词75+80首涵盖部编版小学教材要求必背古诗词129首 30万多读者好评,不同印次随机发货 团购电话：4001066666转6",http://img3m8.ddimg.cn/74/0/23435948-1_l_34.jpg,2020-09-01 江苏凤凰文艺出版社,100%推荐,6191次,¥8.70
369,活着（精装版，余华代表作，易烊千玺推荐阅读版本）,http://img3m9.ddimg.cn/93/8/25092039-1_l_3.jpg,罗尔德・达尔,100%推荐,9569次,¥8.00
370,西方战略之父：汉尼拔的一生（他是差点儿一个人毁灭整个罗马的战略大师，更是拿破仑、艾森豪威尔和巴顿共同的老师！）,http://img3m8.ddimg.cn/97/9/29127778-1_l_3.jpg,2017-05-01 明天出版社,100%推荐,61次,¥20.10
371,风声（茅盾文学奖得主、《人生海海》作者麦家代表作，全新再版！）,http://img3m0.ddimg.cn/78/30/29128650-1_l.jpg,宫西达也 文/图，杨文 晓晗 译,100%推荐,59次,¥17.50
372,新版林格伦作品选集・美绘版 长袜子皮皮,http://img3m5.ddimg.cn/14/16/25235015-1_l_2.jpg,2016-11-01 ２１世纪出版社,100%推荐,10451次,¥57.07
373,亲密关系：通往灵魂的桥梁（新版）,http://img3m6.ddimg.cn/58/8/26490676-1_l_5.jpg,<图说天下.国家地理系列>编委会,100%推荐,1751次,¥43.10
374,狼王梦（升级版）/动物小说大王沈石溪・品藏书系,http://img3m9.ddimg.cn/84/5/25309929-1_l_13.jpg,2012-06-01 北京联合出版公司,100%推荐,17202次,¥10.40
375,儿童绘本3-6岁经典绘本排行榜绘本0-3岁幼儿园绘本睡前故事书5册宝宝情商性格养育挫折教育绘本我爸爸妈妈爱给小熊宝宝绘本早教书籍儿童情绪管理与性格培养绘本12346岁宝宝适合的书销儿童畅销书有声伴读,http://img3m7.ddimg.cn/80/5/1176804467-1_l_11.jpg,说词解字辞书研究中心,99.8%推荐,984次,¥22.00
376,星火英语六级真题备考2020年12月试卷全套资料大学英语cet6历年真题词汇听力阅读理解翻译写作文专项训练单词书籍,http://img3m6.ddimg.cn/36/18/28500156-1_l_15.jpg,2014-02-01 华语教学出版社,100%推荐,557次,¥9.40
377,米小圈脑筋急转弯（第一辑）（套装共4册）,http://img3m8.ddimg.cn/38/0/23878838-1_l_5.jpg,余华 著，新经典 出品,100%推荐,44071次,¥9.90
378,中华成语故事大全4册注音版儿童读物7-10岁拼音读物一年级必读经典书目二三年级小学生课外阅读经典书籍适合1-2-3年级课外书6-7-8-9-10-11-12岁儿童阅读的书,http://img3m7.ddimg.cn/64/9/1194949567-1_l_2.jpg,2017-06-01 北京十月文艺出版社,99.7%推荐,564次,¥36.80
379,伪装学渣1+2（全两册）（新锐作家木瓜黄暖心校园力作，讲述贺朝和谢俞两个学霸伪装学渣共同竞争的故事）,http://img3m6.ddimg.cn/39/16/27927246-1_l_8.jpg,(美)帕特里克.亨特 著;读客文化 出品,99.9%推荐,1018次,¥27.40
380,我今天写什么日记,http://img3m3.ddimg.cn/57/31/23457513-1_l_1.jpg,2020-09-30 北京日报出版社（原同心出版社）,100%推荐,1599次,¥9.90
381,轻狂（既要今朝醉，也要万年长。畅销书作家巫哲全新燃情力作。《撒野》热血兄弟篇。轻狂一场，无悔青春。随书附赠人物大海报+卡贴+卡立+书签）,http://img3m2.ddimg.cn/17/16/27926432-1_l_9.jpg,巫哲,100%推荐,1498次,¥22.40
382,复活(《语文》推荐阅读丛书)人民文学出版社,http://img3m5.ddimg.cn/6/24/25283715-1_l_3.jpg,2019-09-01 文化发展出版社,100%推荐,269次,¥33.30
383,AWM绝地求生 上册+下册,http://img3m6.ddimg.cn/53/10/27855386-1_l_8.jpg,列夫・托尔斯泰,99.8%推荐,1295次,¥35.80
384,世说新语(精)上下册--中华经典名著全本全注全译丛书(第三辑),http://img3m5.ddimg.cn/52/18/23568685-1_l_5.jpg,2018-06-01 人民文学出版社,99.9%推荐,4664次,¥39.60
385,许三观卖血记（新版）,http://img3m6.ddimg.cn/15/26/25160766-1_l_3.jpg,漫漫何其多,100%推荐,9191次,¥0.00
386,【限时秒杀】全2册 儿童十万个为什么 脑筋急转弯彩图注音版小学生课外阅读书籍儿童益智故事书3-6-7-8-9-10-12岁 一年级二年级三年级课外书,http://img3m9.ddimg.cn/93/25/1616769489-1_l_1.jpg,2019-04-24 北京时代华文书局,100%推荐,324次,¥14.30
387,【高尔基四部曲】原著4册精装正版 童年+在人间+我的大学+母亲 高尔基自传 青少版世界文学小说名著 经典文学名著,http://img3m5.ddimg.cn/56/30/1703129825-1_l_1.jpg,朱碧莲，沈海波　译注,100%推荐,59次,¥11.99
388,2020基础知识手册 高中语文,http://img3m7.ddimg.cn/2/21/28518437-1_l_3.jpg,2014-09-01 中华书局,100%推荐,114次,¥9.90
389,儒林外史(56回全本，内容考证、文字句读全新修订版。),http://img3m0.ddimg.cn/88/28/23733160-1_l_1.jpg,余华,99.9%推荐,4038次,¥58.88
390,下雨的书店（全2册）,http://img3m6.ddimg.cn/85/2/26510206-1_l_8.jpg,2017-09-12 作家出版社,100%推荐,436次,¥46.80
391,白日梦我（继《撒野》《少年的你，如此美丽》后，读者期待值爆棚的校园文！新增甜宠番外三则。随书附赠校园万花筒+精美书签）,http://img3m9.ddimg.cn/39/17/27898239-1_l_6.jpg,亦凡,99.9%推荐,1200次,¥11.30
392,半小时漫画宋词（别光笑！有考点！漫画科普开创者二混子新作！全网粉丝700万！）,http://img3m8.ddimg.cn/26/2/28527668-1_l_8.jpg,2018-02-01 北京日报出版社（原同心出版社）,100%推荐,2138次,¥0.00
393,大中华寻宝系列21 青海寻宝记,http://img3m5.ddimg.cn/19/32/1516357675-1_l_1.jpg,高尔基,100%推荐,55次,¥31.50
394,西游记 四大名著 七年级上册推荐阅读（足本典藏精装 无障碍阅读 疑难字注音 解词释义）,http://img3m0.ddimg.cn/63/36/23992020-1_l_9.jpg,2017-08-01 中国文联出版社,100%推荐,1108次,¥31.10
395,半小时漫画中国史1-4+世界史（共5册）（看半小时漫画，通五千年历史！漫画式科普开创者二混子新作！）（随机签章版）,http://img3m2.ddimg.cn/65/6/27931232-1_l_6.jpg,薛金星主编,100%推荐,1554次,¥27.40
396,作家榜经典：夜航船（年轻人要熟知的4248个文化常识！贾平凹题名版！读过《夜航船》，灵魂才有趣！未删节插图珍藏版，套装共2册）,http://img3m7.ddimg.cn/50/6/25536407-1_l_23.jpg,2016-03-01 北京教育出版社,99.9%推荐,1052次,¥10.99
397,我与地坛（纪念版）（1-9年级必读书单）,http://img3m1.ddimg.cn/6/9/21055821-1_l_2.jpg,吴敬梓,99.8%推荐,1730次,¥27.00
398,男人来自火星女人来自金星全套共4册 正版升级版 两性情感 婚恋心理学书籍 撩妹约会泡妞秘籍积极恋爱学书籍 关于爱情的书恋爱书籍,http://img3m5.ddimg.cn/26/20/1676872025-1_l_1.jpg,2015-07-01 花山文艺出版社,100%推荐,51次,¥32.40
399,创业36条军规,http://img3m6.ddimg.cn/13/30/1422340636-1_l_1.jpg,（日）日向理惠子 著 （日）吉田尚令 绘， 爱心树童书  出品,100%推荐,52次,¥104.70
400,思考，快与慢,http://img3m6.ddimg.cn/18/12/1422341136-1_l_1.jpg,2019-02-01 新星出版社,100%推荐,52次,¥42.90
401,就喜欢你看不惯我又干不掉我的样子5（B版 当当独家赠送吾皇“万物安宁 天下太平”海报+别册《傲霸的战争》）,http://img3m6.ddimg.cn/4/33/28554376-1_l_5.jpg,白茶,99.9%推荐,452次,¥29.50
402,红楼梦 高中“读整本书”推荐阅读（足本典藏精装 无障碍阅读 疑难字注音 解词释义）,http://img3m6.ddimg.cn/59/32/23992016-1_l_8.jpg,2020-06-01 人民文学出版社,99.9%推荐,1310次,¥41.40
403,宫西达也超级绘本（加法超人与算术星人+狐狸爸爸笑了等全11册）,http://img3m2.ddimg.cn/49/27/26912902-1_l_3.jpg,曹雪芹,100%推荐,1884次,¥93.00
404,法医秦明.遗忘者（法医秦明系列众生卷第二季瞩目新作！）,http://img3m6.ddimg.cn/45/12/28979226-1_l_3.jpg,2016-04-01 商务印书馆,99.9%推荐,287次,¥37.90
405,古文观止（上下）,http://img3m2.ddimg.cn/10/32/24021172-1_l_2.jpg,[日]宫西达也,99.9%推荐,3566次,¥24.00
406,洛克菲勒留给儿子的38封信 洛克菲勒写给儿子的38封信 教育孩子的畅销书教育心理学畅销排名家庭教育必读经典畅销书排行榜前十名抖音推荐教子枕边书成功励志成长教育书籍家教方法家庭教育让孩子成才的秘密,http://img3m7.ddimg.cn/85/9/1581690217-1_l_2.jpg,2019-02-01 青岛出版社,99.9%推荐,323次,¥23.40
407,小熊宝宝绘本（2018版全15册）蒲蒲兰经典畅销绘本！新手妈妈的育儿宝典，销量超千万册！(0-3岁),http://img3m8.ddimg.cn/87/1/25289538-1_l_7.jpg,法医秦明,100%推荐,2590次,¥3.99
408,富爸爸商学院,http://img3m6.ddimg.cn/54/28/1422364536-1_l_1.jpg,2020-07-01 北京联合出版有限公司,100%推荐,53次,¥9.40
409,正版现货 纸牌屋三部曲123全套三册 [英]迈克尔道布斯著 纸牌屋+玩转国王+最后一击 席卷全球殿堂级政治小说,http://img3m5.ddimg.cn/2/28/1691057315-1_l_1.jpg,[清]吴楚材，吴调侯 编  钱素洲 译,100%推荐,55次,¥45.60
410,优秀儿童成长课（全能力塑造系列故事书，套装全10册），当当网独家定制版绘本！从轻松活泼的故事中获得沟通力、决断力、执行力、表率力、自控力等10种能力，遇见更优秀的自己！,http://img3m4.ddimg.cn/7/33/29000374-1_l_9.jpg,2016-09-01 浙江教育出版社,100%推荐,87次,¥14.63
411,蝴蝶・豌豆花,http://img3m9.ddimg.cn/49/14/28469479-1_l_17.jpg,范毅然,100%推荐,285次,¥49.90
412,审判（豆瓣9.0分高评译本）,http://img3m0.ddimg.cn/16/20/25246600-1_l_2.jpg,2018-03-15 吉林文史出版社,99.9%推荐,730次,¥70.50
413,郭论2：捡史（郭德纲百万畅销经典《郭论》系列之“捡史”篇）,http://img3m8.ddimg.cn/1/36/28999378-1_l_10.jpg,佐佐木洋子 文/图，蒲蒲兰 译,100%推荐,284次,¥25.30
414,小猪唏哩呼噜(注音版上、下),http://img3m9.ddimg.cn/73/31/23504059-1_l_7.jpg,2007-05-16 新世纪出版社,100%推荐,21465次,¥12.30
415,偏偏宠爱,http://img3m1.ddimg.cn/86/23/28523471-1_l_6.jpg,罗伯特・清崎;莎伦・莱希特著 萧明译,99.9%推荐,256次,¥1.99
416,大中华寻宝记系列全套27册全集中国海南26河北内蒙古科学漫画书6-9-12周岁地理科普百科图书,http://img3m5.ddimg.cn/10/16/1516340935-1_l_2.jpg,2017-09-01 四川人民出版社,97.1%推荐,56次,¥36.50
417,亲近母语 日有所诵 第五版 小学二年级,http://img3m2.ddimg.cn/9/18/25094232-1_l_3.jpg,迈克尔・道布斯,100%推荐,1481次,¥15.70
418,笑读成语(全4册):一笑一成语，百笑涨知识,http://img3m7.ddimg.cn/31/32/28546087-1_l_4.jpg,2015-07-01 百花洲文艺出版社,100%推荐,315次,¥14.90
419,正版荒野求生少年生存小说系列全套1-21册野外生存手册集求生探险书籍贝尔格里尔斯探险书籍man vs wild最神秘探险地TOP50,http://img3m0.ddimg.cn/52/28/1088936890-1_l_5.jpg,郄亚威/主编 时间岛/绘,100%推荐,47次,¥39.20
420,不一样的卡梅拉卡梅利多全套48册第一二三四季,http://img3m5.ddimg.cn/26/23/1717653095-1_l_1.jpg,2020-08-01 应急管理出版社,100%推荐,50次,¥699.00
421,驯鹿六季――黑鹤动物小说系列,http://img3m5.ddimg.cn/97/11/1515174505-1_l_1.jpg,格日勒其木格.黑鹤 著,100%推荐,55次,¥9.90
422,爱哭鬼小隼,http://img3m5.ddimg.cn/60/3/1515981615-1_l_1.jpg,2017-06-01 明天出版社,100%推荐,46次,¥13.56
423,《李永乐老师给孩子讲物理》（套装10册）,http://img3m2.ddimg.cn/55/9/29118232-1_l_3.jpg,[日]河合隼雄 著，蔡鸣雁,100%推荐,60次,¥134.00
424,曹文轩推荐：小哪吒童书馆诺贝尔文学奖绘本（国内第一套给孩子的诺奖绘本，海明威、泰戈尔、吉卜林、黑塞、梅特林克）,http://img3m1.ddimg.cn/92/3/28999271-1_l_6.jpg,2012-12-01 浙江人民出版社,100%推荐,56次,¥99.00
425,琉璃美人煞：十周年典藏版（全三册）（袁冰妍、成毅主演同名电视剧原著小说）,http://img3m9.ddimg.cn/27/2/28487079-1_l_11.jpg,李永乐,99.9%推荐,185次,¥57.00
426,中国四大名著导练一本全（赠品）,http://img3m0.ddimg.cn/87/2/28494960-1_l_2.jpg,2020-09-01 江苏凤凰科学技术出版社,100%推荐,272次,¥10.80
427,唐朝的浮光与掠影（当当独家亲笔签名）,http://img3m2.ddimg.cn/51/14/29000022-1_l_8.jpg,小哪吒童书馆 胡杨文化出品，有容书邦发行,100%推荐,63次,¥22.20
428,人生（茅盾文学奖得主路遥代表作，全新精装版）,http://img3m3.ddimg.cn/73/19/28504153-1_l_3.jpg,2020-06-01 河北教育出版社,100%推荐,577次,¥22.50
429,义务教育教科书数学二年级上册学生学具卡片,http://img3m6.ddimg.cn/31/5/23724886-1_l_5.jpg,十四郎 著；星文文化 出品,99.9%推荐,4547次,¥28.00
430,习近平谈治国理政（第三卷）（中文平装）,http://img3m7.ddimg.cn/56/32/28978247-1_l_4.jpg,2019-12-01 浙江文艺出版社,100%推荐,242次,¥1.50
431,不一样的卡梅拉手绘本（1-12册）,http://img3m8.ddimg.cn/55/35/23257828-1_l_5.jpg,智慧熊编,99.9%推荐,12676次,¥64.00
432,花婆婆――清华附小推荐的经典绘本！美国国家图书奖作品！,http://img3m0.ddimg.cn/92/17/28479620-1_l_3.jpg,2016-12-01 商务印书馆,100%推荐,612次,¥51.30
433,三体（刘慈欣代表作，亚洲首部雨果奖获奖作品！）,http://img3m3.ddimg.cn/88/28/20989573-1_l_10.jpg,青菀 著，交通社出版，有容书邦发行,99.9%推荐,4736次,¥17.00
434,全球通史:从史前史到21世纪（第7版修订版上下册，当当独家赠送全球通史主题笔记本）,http://img3m8.ddimg.cn/43/20/9231298-1_l_7.jpg,2020-08-01 人民交通出版社,100%推荐,33394次,¥18.10
435,奶蜜盐:家庭教育第一定律,http://img3m5.ddimg.cn/42/35/1516934175-1_l_1.jpg,路遥  著 ， 新经典  出品,100%推荐,48次,¥12.99
436,罗尔德达尔作品典藏全套13册 查理和巧克力工厂 了不起的狐狸爸爸 儿童名著小学生三四五六年级 好心眼儿巨人玛蒂尔达女巫,http://img3m7.ddimg.cn/12/22/1467419097-1_l_5.jpg,2020-02-01 北京十月文艺出版社,100%推荐,47次,¥59.60
437,创新者的窘境（全新修订版）,http://img3m6.ddimg.cn/91/10/1422150436-1_l_1.jpg,人民教育出版社　编著,100%推荐,48次,¥38.90
438,巴菲特之道（原书第3版）（团购，请致电400-106-6666转6）,http://img3m6.ddimg.cn/56/28/1422305336-1_l_1.jpg,2013-07-01 人民教育出版社,100%推荐,47次,¥94.99
439,受益一生的墨菲定律,http://img3m6.ddimg.cn/91/27/1422437536-1_l_1.jpg,习近平,100%推荐,50次,¥36.30
440,欲罢不能：刷屏时代如何摆脱行为上瘾,http://img3m6.ddimg.cn/13/13/1422053536-1_l_1.jpg,2020-06-01 外文出版社,100%推荐,56次,¥30.31
441,苦难英雄任正非：华为基本法 想通就能走通,http://img3m6.ddimg.cn/94/5/1422041836-1_l_1.jpg,王育琨 著，凤凰联动 出品,100%推荐,48次,¥24.89
442,超有趣的漫画中国史1-2套装（限量1000册作者签名本随机发货）,http://img3m2.ddimg.cn/74/15/29129042-1_l_6.jpg,2019-01-01 江苏凤凰文艺出版社,98.7%推荐,73次,¥49.80
443,文创品牌的秘密――从创意、设计到营销,http://img3m6.ddimg.cn/19/27/1422370936-1_l_1.jpg,"刘宏亮 著,简策博文 出品",100%推荐,49次,¥42.50
444,第二曲线创新,http://img3m5.ddimg.cn/64/28/1513910935-1_l_1.jpg,2020-09-01 人民日报出版社,100%推荐,49次,¥33.74
445,财富自由之路,http://img3m6.ddimg.cn/2/28/1422438536-1_l_1.jpg,沈婷 郭大泽,99.8%推荐,62次,¥30.90
446,和爸妈游中国 给孩子的手绘世界地理绘本,http://img3m6.ddimg.cn/0/33/27940176-1_l_3.jpg,2017-06-01 广西美术出版社,99.8%推荐,426次,¥9.90
447,人间词话（近代极富盛名的词话著作，集编、校、释、评于一体，赏读于一书）（1-9年级必读书单）,http://img3m7.ddimg.cn/84/13/23715237-1_l_2.jpg,李善友,99.9%推荐,21389次,¥13.40
448,正版现货 新版牛津高阶英汉双解词典第9版商务印书馆牛高牛津高阶英语词典第九版初高中大学生考研汉英托福工具书字典第8版升级牛津高阶词典英汉双解词典,http://img3m9.ddimg.cn/43/19/1363464079-1_l_9.jpg,2019-06-01 人民邮电出版社,99.9%推荐,376次,¥0.00
449,人类简史三部曲： 人类简史+今日简史+未来简史,http://img3m5.ddimg.cn/9/34/1705562505-1_l_1.jpg,李笑来,98.2%推荐,51次,¥144.00
450,吹牛大王历险记（德国百年童话，名家未删节全译，配德国原版精美插图。排行榜100名之内，销量遥遥领先，暑期月销1000册）,http://img3m0.ddimg.cn/10/35/25190560-1_l_2.jpg,2017-10-01 电子工业出版社,100%推荐,603次,¥89.50
451,切尔诺贝利：一部悲剧史（诺贝尔奖得主阿列克谢耶维奇推荐，哈佛大学教授沙希利.浦洛基新作）,http://img3m6.ddimg.cn/22/8/28984846-1_l_3.jpg,黄宇,99.9%推荐,290次,¥12.80
452,乡土中国（精装）清华校长新生赠礼，高中推荐读整本书，费孝通传世经典，一本中国式社会关系百科全书！,http://img3m0.ddimg.cn/30/23/24001590-1_l_9.jpg,2019-09-01 明天出版社,99.9%推荐,1171次,¥1.99
453,谈判：如何在博弈中获得更多(第四版)Everything is Negotiable,http://img3m8.ddimg.cn/64/22/25247638-1_l_1.jpg,王国维　著,99.9%推荐,3038次,¥29.80
454,三毛全集02：撒哈拉的故事,http://img3m4.ddimg.cn/91/33/24242914-1_l_3.jpg,2015-06-01 北京联合出版公司,100%推荐,4785次,¥13.00
455,养育女孩（新版）,http://img3m1.ddimg.cn/67/19/28520581-1_l_3.jpg,无,100%推荐,307次,¥2.40
456,10岁开始的经济学（全六册）10-15岁中小学儿童经济学科普绘本读经济学，培养大局观，为孩子揭秘受用一生的经济逻辑,http://img3m5.ddimg.cn/6/11/1660102395-1_l_1.jpg,2018-06-01 商务印书馆,100%推荐,47次,¥22.10
457,啊哈C语言！逻辑的挑战（修订版）,http://img3m5.ddimg.cn/26/15/1515643595-1_l_2.jpg,尤瓦尔・赫拉利,100%推荐,47次,¥12.99
458,正版 伪装学渣小说全套2册伪装学渣2木瓜黄青春校园全套书籍 贺朝X谢俞相性30问,http://img3m5.ddimg.cn/89/3/1706368445-1_l_1.jpg,2018-11-01 中信出版社,100%推荐,47次,¥17.50
459,10人以下小团队管理手册 堀之内克彦 中小企业团队管理书籍,http://img3m6.ddimg.cn/49/1/1422185836-1_l_2.jpg,〔德〕埃・拉斯伯〔德〕戈・毕尔格著， 邵灵侠译,100%推荐,51次,¥21.00
460,【签名版已售罄】一夜长大（主持人尼格买提个人随笔集）,http://img3m7.ddimg.cn/9/36/28993347-1_l_6.jpg,2017-12-01 浙江工商大学出版社,100%推荐,93次,¥19.10
461,说话的艺术（畅销全球16年的沟通经典全新修订版）,http://img3m4.ddimg.cn/67/36/28994494-1_l_5.jpg,"罗莎莉・马吉欧 著,博集天卷 出品",100%推荐,52次,¥24.00
462,米小圈上学记四年级（套装共4册）,http://img3m6.ddimg.cn/90/20/25261326-1_l_3.jpg,2020-07-20 湖南文艺出版社,100%推荐,45654次,¥42.80
463,故宫六百年（去过故宫1000多次的史学大家阎崇年完整讲述故宫600年）,http://img3m2.ddimg.cn/50/27/28531652-1_l_6.jpg,北猫,99.9%推荐,265次,¥69.50
464,习惯逃避：你在害怕什么（回避型人格自救手册。拖延、讨好、自卑、社恐的背后，不过是一颗习惯逃避的灵魂。）,http://img3m8.ddimg.cn/76/36/29123698-1_l_6.jpg,2018-04-01 四川少儿出版社,99%推荐,87次,¥24.00
465,2020秋 小学教材全解 五年级语文上 统编版,http://img3m7.ddimg.cn/61/32/28976767-1_l_3.jpg,阎崇年,100%推荐,99次,¥32.10
466,这里是中国 2019年度中国好书 文津图书奖获奖作品,http://img3m0.ddimg.cn/87/8/27932640-1_l_9.jpg,2020-04-30 华文出版社,99.9%推荐,1203次,¥109.00
467,郭论（郭德纲2018年重磅新作）,http://img3m9.ddimg.cn/47/1/25327019-1_l_14.jpg,李国翠 著,99.9%推荐,2174次,¥24.90
468,等一朵花开（国民漫画家小林代表作）,http://img3m8.ddimg.cn/43/1/28972888-1_l_8.jpg,2020-10-01 天地出版社,100%推荐,2277次,¥30.30
469,水浒传 四大名著 九年级上册推荐阅读（足本典藏精装 无障碍阅读 疑难字注音 解词释义）,http://img3m8.ddimg.cn/61/34/23992018-1_l_8.jpg,薛金星 主编,99.9%推荐,1063次,¥14.99
470,现代汉语词典 第六版 商务印书馆 团购电话4001066666转6,http://img3m8.ddimg.cn/63/18/22807188-1_l_1.jpg,2020-06-01 陕西人民教育出版社,99.6%推荐,747次,¥37.30
471,无人生还：阿加莎 克里斯蒂作品集10（销售记录超过一亿册的侦探小说 被改编为二十部影视剧 同名话剧七十年常演不衰）,http://img3m8.ddimg.cn/77/28/23311508-1_l_5.jpg,星球研究所，中国青藏高原研究会,100%推荐,3385次,¥91.40
472,苏菲的世界（新版）（5-6年级读书清单）,http://img3m9.ddimg.cn/41/0/25170989-1_l_5.jpg,2019-09-01 中信出版社,100%推荐,8748次,¥14.00
473,对赌：信息不足时如何做出高明决策,http://img3m6.ddimg.cn/87/32/1422209436-1_l_1.jpg,"郭德纲 著,博集天卷 出品",99.2%推荐,47次,¥9.90
474,大中华寻宝系列24 福建寻宝记,http://img3m5.ddimg.cn/55/2/1516308805-1_l_1.jpg,2018-09-03 湖南文艺出版社,100%推荐,46次,¥19.00
475,大中华寻宝系列1 上海寻宝记,http://img3m5.ddimg.cn/61/27/1516340095-1_l_1.jpg,林帝浣，果麦文化 出品,96.9%推荐,49次,¥12.99
476,大中华寻宝系列2 北京寻宝记,http://img3m5.ddimg.cn/46/27/1516307905-1_l_1.jpg,2020-06-01 浙江文艺出版社,100%推荐,53次,¥30.03
477,解读基金――我的投资观与实践（修订版）,http://img3m6.ddimg.cn/36/35/1422412236-1_l_1.jpg,施耐庵,100%推荐,55次,¥18.47
478,遗忘之海（唤醒了童年记忆，也就唤醒了我曾经的真实和纯粹。奇幻大师尼尔・盖曼关于童年的神作，本书无比接近他内心）,http://img3m4.ddimg.cn/94/18/29003134-1_l_3.jpg,2016-04-01 商务印书馆,100%推荐,53次,¥27.00
479,从新手到总监：行政管理者的职场进阶日志,http://img3m7.ddimg.cn/29/32/29118107-1_l_6.jpg,中国社会科学院语言研究所词典编辑室 编,100%推荐,52次,¥27.00
480,稻草人（《语文》推荐阅读丛书）人民文学出版社,http://img3m6.ddimg.cn/80/30/25267256-1_l_6.jpg,2012-06-01 商务印书馆,100%推荐,391次,¥24.69
481,特种王牌3： 绝密反击：特种兵与刑侦相结合，悬疑烧脑，读来让人欲罢不能。,http://img3m0.ddimg.cn/24/23/28538160-1_l_3.jpg,磨剑少爷 宏泰恒信  出品,100%推荐,52次,¥22.50
482,为什么是中国（金一南2020年全新作品。后疫情时代，中国的优势和未来在哪里？面对全球百年未有之大变局，中国将以何应对？）,http://img3m6.ddimg.cn/41/18/28974866-1_l_11.jpg,2020-04-01 北京时代华文书局,100%推荐,286次,¥34.20
483,现代艺术史（插图第六版）,http://img3m9.ddimg.cn/93/4/28995609-1_l_9.jpg,金一南著 、联合读创 出品,99.7%推荐,79次,¥230.00
484,资治通鉴少年简读版(套装全4册） 四册盒装，精华简读；史家打造，全彩插图！,http://img3m0.ddimg.cn/28/4/27868330-1_l_2.jpg,2020-06-01 北京联合出版有限公司,99.9%推荐,1848次,¥78.00
485,《第3选择：解决所有难题的关键思维》,http://img3m6.ddimg.cn/42/11/1422066336-1_l_1.jpg,"［美］H. H. 阿纳森 ［美］伊丽莎白・C. 曼斯菲尔德,译者：钱志坚 后浪",100%推荐,50次,¥33.87
486,我爱阅读桥梁书・（蓝色30册+黄色30册+红色30册）：全90册,http://img3m5.ddimg.cn/30/24/1709480055-1_l_1.jpg,2020-08-01 湖南美术出版社,100%推荐,45次,¥310.00
487,破解幸福密码（可以改变一生的心理健康规划书，毕淑敏作品）,http://img3m6.ddimg.cn/95/31/1422041936-1_l_1.jpg,何孝荣 侯振龙,100%推荐,43次,¥29.99
488,大卫・科波菲尔（上下）（《语文》推荐阅读丛书）人民文学出版社,http://img3m2.ddimg.cn/77/0/25317842-1_l_1.jpg,2019-05-01 青岛出版社,100%推荐,229次,¥63.70
489,天下无毒・暗夜毒影,http://img3m7.ddimg.cn/38/1/28985357-1_l_5.jpg,(美)柯维,100%推荐,52次,¥35.90
490,我和你的大城小镇（豆瓣明星作者踏歌，数年打磨首发女性视角都市情感小说！方悄悄、静岛、毛路感动力荐！）,http://img3m1.ddimg.cn/67/18/28992811-1_l_3.jpg,2013-07-01 中信出版社,100%推荐,74次,¥22.10
491,孩子一学就会的黄金口才课 （让口才成为孩子一生的资本!“吴琼口才训练营”同步教材）,http://img3m9.ddimg.cn/22/19/28995439-1_l_3.jpg,纪蒂・波贝,100%推荐,155次,¥24.00
492,像读悬疑小说一样读懂会计学（没有表格，全是故事！会计轻松入门！两小时搞懂会计学原理和资本游戏法则！日版上市1月加印5次）,http://img3m2.ddimg.cn/6/32/29121252-1_l_3.jpg,2019-05-01 长江少年儿童出版社,100%推荐,51次,¥41.70
493,我不假装美好，我允许自己不开心,http://img3m0.ddimg.cn/12/14/29114130-1_l_2.jpg,"毕淑敏 著,博集天卷 出品",100%推荐,51次,¥19.80
494,乘法口诀表,http://img3m0.ddimg.cn/98/1/23769800-1_l_1.jpg,2018-02-01 湖南文艺出版社,99.9%推荐,1720次,¥2.70
495,猎人笔记 七年级上册推荐阅读(中小学生课外阅读指导丛书) 无障碍阅读 彩插励志版 62000多名读者热评！,http://img3m6.ddimg.cn/36/3/25217316-1_l_13.jpg,（英国）查尔斯?狄更斯,100%推荐,1186次,¥17.20
496,中考名著阅读提分王 九年级（赠品）,http://img3m4.ddimg.cn/26/11/25860014-1_l_2.jpg,2018-08-01 人民文学出版社,100%推荐,296次,¥4.90
497,坏小孩,http://img3m2.ddimg.cn/97/25/25301032-1_l_8.jpg,云川纵,99.9%推荐,477次,¥29.20
498,薇娅推荐 陪孩子终身成长（樊登2020年新书！）,http://img3m0.ddimg.cn/50/21/28529870-1_l_5.jpg,2020-07-01 上海社会科学院出版社,100%推荐,1469次,¥32.50
499,白色橄榄树（全二册）（ 人气作家玖月��继《少年的你，如此美丽》后突破之作！）,http://img3m0.ddimg.cn/22/1/27850900-1_l_11.jpg,踏歌,99.9%推荐,5511次,¥18.99
500,昆虫记 八年级上册推荐阅读(中小学生课外阅读指导丛书) 无障碍阅读 彩插励志版 260000多名读者热评！,http://img3m6.ddimg.cn/45/15/22800636-1_l_15.jpg,2020-08-01 人民文学出版社,99.9%推荐,13638次,¥31.10
