name,picture,num,star,director,introduction
肖申克的救赎 / The Shawshank Redemption / 月黑高飞(港)  /  刺激1995(台),https://img3.doubanio.com/view/photo/s_ratio_poster/public/p480747492.jpg,1,9.7,弗兰克·德拉邦特 Frank Darabont,希望让人自由。
霸王别姬 / 再见，我的妾  /  Farewell My Concubine,https://img3.doubanio.com/view/photo/s_ratio_poster/public/p2561716440.jpg,2,9.6,陈凯歌 Kaige Chen,风华绝代。
阿甘正传 / Forrest Gump / 福雷斯特·冈普,https://img2.doubanio.com/view/photo/s_ratio_poster/public/p2372307693.jpg,3,9.5,罗伯特·泽米吉斯 Robert Zemeckis,一部美国近现代史。
这个杀手不太冷 / Léon / 杀手莱昂  /  终极追杀令(台),https://img3.doubanio.com/view/photo/s_ratio_poster/public/p511118051.jpg,4,9.4,吕克·贝松 Luc Besson,怪蜀黍和小萝莉不得不说的故事。
泰坦尼克号 / Titanic / 铁达尼号(港 / 台),https://img9.doubanio.com/view/photo/s_ratio_poster/public/p457760035.jpg,5,9.4,詹姆斯·卡梅隆 James Cameron,失去的才是永恒的。 
美丽人生 / La vita è bella / 一个快乐的传说(港)  /  Life Is Beautiful,https://img2.doubanio.com/view/photo/s_ratio_poster/public/p2578474613.jpg,6,9.5,罗伯托·贝尼尼 Roberto Benigni,最美的谎言。
千与千寻 / 千と千尋の神隠し / 神隐少女(台)  /  千与千寻的神隐,https://img1.doubanio.com/view/photo/s_ratio_poster/public/p2557573348.jpg,7,9.4,宫崎骏 Hayao Miyazaki,最好的宫崎骏，最好的久石让。 
辛德勒的名单 / Schindler's List / 舒特拉的名单(港)  /  辛德勒名单,https://img2.doubanio.com/view/photo/s_ratio_poster/public/p492406163.jpg,8,9.5,史蒂文·斯皮尔伯格 Steven Spielberg,拯救一个人，就是拯救整个世界。
盗梦空间 / Inception / 潜行凶间(港)  /  全面启动(台),https://img2.doubanio.com/view/photo/s_ratio_poster/public/p2616355133.jpg,9,9.3,克里斯托弗·诺兰 Christopher Nolan,诺兰给了我们一场无法盗取的梦。
忠犬八公的故事 / Hachi: A Dog's Tale / 秋田犬八千(港)  /  忠犬小八(台),https://img1.doubanio.com/view/photo/s_ratio_poster/public/p524964039.jpg,10,9.4,莱塞·霍尔斯道姆 Lasse Hallström,永远都不能忘记你所爱的人。
海上钢琴师 / La leggenda del pianista sull'oceano / 声光伴我飞(港)  /  一九零零的传奇,https://img9.doubanio.com/view/photo/s_ratio_poster/public/p2574551676.jpg,11,9.3,朱塞佩·托纳多雷 Giuseppe Tornatore,每个人都要走一条自己坚定了的路，就算是粉身碎骨。 
星际穿越 / Interstellar / 星际启示录(港)  /  星际效应(台),https://img1.doubanio.com/view/photo/s_ratio_poster/public/p2614988097.jpg,12,9.3,克里斯托弗·诺兰 Christopher Nolan,爱是一种力量，让我们超越时空感知它的存在。
楚门的世界 / The Truman Show / 真人Show(港)  /  真人戏,https://img3.doubanio.com/view/photo/s_ratio_poster/public/p479682972.jpg,13,9.3,彼得·威尔 Peter Weir,如果再也不能见到你，祝你早安，午安，晚安。
三傻大闹宝莱坞 / 3 Idiots / 三个傻瓜(台)  /  作死不离3兄弟(港),https://img3.doubanio.com/view/photo/s_ratio_poster/public/p579729551.jpg,14,9.2,拉库马·希拉尼 Rajkumar Hirani,英俊版憨豆，高情商版谢耳朵。
机器人总动员 / WALL·E / 太空奇兵·威E(港)  /  瓦力(台),https://img3.doubanio.com/view/photo/s_ratio_poster/public/p1461851991.jpg,15,9.3,安德鲁·斯坦顿 Andrew Stanton,小瓦力，大人生。
放牛班的春天 / Les choristes / 歌声伴我心(港)  /  唱诗班男孩,https://img3.doubanio.com/view/photo/s_ratio_poster/public/p1910824951.jpg,16,9.3,克里斯托夫·巴拉蒂 Christophe Barratier,天籁一般的童声，是最接近上帝的存在。 
大话西游之大圣娶亲 / 西遊記大結局之仙履奇緣 / 西游记完结篇仙履奇缘  /  齐天大圣西游记,https://img9.doubanio.com/view/photo/s_ratio_poster/public/p2455050536.jpg,17,9.2,刘镇伟 Jeffrey Lau,一生所爱。
熔炉 / 도가니 / 无声呐喊(港)  /  漩涡,https://img9.doubanio.com/view/photo/s_ratio_poster/public/p1363250216.jpg,18,9.3,黄东赫 Dong-hyuk Hwang,我们一路奋战不是为了改变世界，而是为了不让世界改变我们。
疯狂动物城 / Zootopia / 优兽大都会(港)  /  动物方城市(台),https://img1.doubanio.com/view/photo/s_ratio_poster/public/p2614500649.jpg,19,9.2,拜伦·霍华德 Byron Howard / 瑞奇·摩尔 Rich Moore,迪士尼给我们营造的乌托邦就是这样，永远善良勇敢，永远出乎意料。
无间道 / 無間道 / Infernal Affairs  /  Mou gaan dou,https://img2.doubanio.com/view/photo/s_ratio_poster/public/p2564556863.jpg,20,9.2,刘伟强 / 麦兆辉,香港电影史上永不过时的杰作。
教父 / The Godfather / Mario Puzo's The Godfather,https://img9.doubanio.com/view/photo/s_ratio_poster/public/p616779645.jpg,21,9.3,弗朗西斯·福特·科波拉 Francis Ford Coppola,千万不要记恨你的对手，这样会让你失去理智。
龙猫 / となりのトトロ / 邻居托托罗  /  邻家的豆豆龙,https://img9.doubanio.com/view/photo/s_ratio_poster/public/p2540924496.jpg,22,9.2,宫崎骏 Hayao Miyazaki,人人心中都有个龙猫，童年就永远不会消失。
当幸福来敲门 / The Pursuit of Happyness / 寻找快乐的故事(港)  /  追求快乐,https://img9.doubanio.com/view/photo/s_ratio_poster/public/p2614359276.jpg,23,9.1,加布里尔·穆奇诺 Gabriele Muccino,平民励志片。 
怦然心动 / Flipped / 萌动青春  /  青春萌动,https://img1.doubanio.com/view/photo/s_ratio_poster/public/p501177648.jpg,24,9.1,罗伯·莱纳 Rob Reiner,真正的幸福是来自内心深处。
触不可及 / Intouchables / 闪亮人生(港)  /  逆转人生(台),https://img9.doubanio.com/view/photo/s_ratio_poster/public/p1454261925.jpg,25,9.2,奥利维·那卡什 Olivier Nakache / 艾力克·托兰达 Eric Toledano,满满温情的高雅喜剧。
控方证人 / Witness for the Prosecution / 雄才伟略  /  情妇,https://img1.doubanio.com/view/photo/s_ratio_poster/public/p1505392928.jpg,26,9.6,比利·怀尔德 Billy Wilder,比利·怀德满分作品。
蝙蝠侠：黑暗骑士 / The Dark Knight / 蝙蝠侠前传2：黑暗骑士  /  黑暗骑士(台),https://img2.doubanio.com/view/photo/s_ratio_poster/public/p462657443.jpg,27,9.2,克里斯托弗·诺兰 Christopher Nolan,无尽的黑暗。
活着 / 人生  /  Lifetimes,https://img3.doubanio.com/view/photo/s_ratio_poster/public/p2513253791.jpg,28,9.3,张艺谋 Yimou Zhang,张艺谋最好的电影。
末代皇帝 / The Last Emperor / 末代皇帝溥仪(港),https://img2.doubanio.com/view/photo/s_ratio_poster/public/p452089833.jpg,29,9.3,贝纳尔多·贝托鲁奇 Bernardo Bertolucci,“不要跟我比惨，我比你更惨”再适合这部电影不过了。
寻梦环游记 / Coco / 玩转极乐园(港)  /  可可夜总会(台),https://img9.doubanio.com/view/photo/s_ratio_poster/public/p2614500706.jpg,30,9.1,李·昂克里奇 Lee Unkrich / 阿德里安·莫利纳 Adrian Molina,死亡不是真的逝去，遗忘才是永恒的消亡。
乱世佳人 / Gone with the Wind / 飘,https://img3.doubanio.com/view/photo/s_ratio_poster/public/p1963126880.jpg,31,9.3,维克多·弗莱明 Victor Fleming / 乔治·库克 George Cukor,Tomorrow is another day.
何以为家 / كفرناحوم / 迦百农  /  星仔打官司(港),https://img1.doubanio.com/view/photo/s_ratio_poster/public/p2555295759.jpg,32,9.1,娜丁·拉巴基 Nadine Labaki,凝视卑弱生命，用电影改变命运。
指环王3：王者无敌 / The Lord of the Rings: The Return of the King / 魔戒三部曲：王者再临(台 / 港) ,https://img2.doubanio.com/view/photo/s_ratio_poster/public/p1910825503.jpg,33,9.2,彼得·杰克逊 Peter Jackson,史诗的终章。
摔跤吧！爸爸 / Dangal / 我和我的冠军女儿(台)  /  打死不离3父女(港),https://img9.doubanio.com/view/photo/s_ratio_poster/public/p2457983084.jpg,34,9.0,涅提·蒂瓦里 Nitesh Tiwari,你不是在为你一个人战斗，你要让千千万万的女性看到女生并不是只能相夫教子。
飞屋环游记 / Up / 冲天救兵(港)  /  天外奇迹(台),https://img9.doubanio.com/view/photo/s_ratio_poster/public/p485887754.jpg,35,9.0,彼特·道格特 Pete Docter / 鲍勃·彼德森 Bob Peterson,最后那些最无聊的事情，才是最值得怀念的。 
少年派的奇幻漂流 / Life of Pi / 少年Pi的奇幻漂流  /  漂流少年Pi,https://img3.doubanio.com/view/photo/s_ratio_poster/public/p1784592701.jpg,36,9.1,李安 Ang Lee,瑰丽壮观、无人能及的冒险之旅。
十二怒汉 / 12 Angry Men / 12怒汉  /  十二怒汉,https://img3.doubanio.com/view/photo/s_ratio_poster/public/p2173577632.jpg,37,9.4,Sidney Lumet,1957年的理想主义。 
哈利·波特与魔法石 / Harry Potter and the Sorcerer's Stone / 哈利波特1：神秘的魔法石(港 / 台) ,https://img9.doubanio.com/view/photo/s_ratio_poster/public/p2614949805.jpg,38,9.1,Chris Columbus,童话世界的开端。
素媛 / 소원 / 许愿  /  希望：为爱重生(台),https://img9.doubanio.com/view/photo/s_ratio_poster/public/p2118532944.jpg,39,9.3,李濬益 Jun-ik Lee,受过伤害的人总是笑得最开心，因为他们不愿意让身边的人承受一样的痛苦。
鬼子来了 / Devils on the Doorstep,https://img1.doubanio.com/view/photo/s_ratio_poster/public/p2553104888.jpg,40,9.3,姜文 Wen Jiang,对敌人的仁慈，就是对自己残忍。
哈尔的移动城堡 / ハウルの動く城 / 哈尔移动城堡(港)  /  霍尔的移动城堡(台),https://img3.doubanio.com/view/photo/s_ratio_poster/public/p2174346180.jpg,41,9.1,宫崎骏 Hayao Miyazaki,带着心爱的人在天空飞翔。
天空之城 / 天空の城ラピュタ / Tenkû no shiro Rapyuta  /  Laputa: Castle in the Sky,https://img1.doubanio.com/view/photo/s_ratio_poster/public/p1446261379.jpg,42,9.1,宫崎骏 Hayao Miyazaki,对天空的追逐，永不停止。 
大话西游之月光宝盒 / 西遊記第壹佰零壹回之月光寶盒 / 西游记101回月光宝盒  /  齐天大圣东游记,https://img3.doubanio.com/view/photo/s_ratio_poster/public/p2561721372.jpg,43,9.0,刘镇伟 Jeffrey Lau,旷古烁今。
罗马假日 / Roman Holiday / 金枝玉叶(港)  /  罗马假期(台),https://img9.doubanio.com/view/photo/s_ratio_poster/public/p2189265085.jpg,44,9.0,威廉·惠勒 William Wyler,爱情哪怕只有一天。
天堂电影院 / Nuovo Cinema Paradiso / 星光伴我心(港)  /  新天堂乐园(台),https://img1.doubanio.com/view/photo/s_ratio_poster/public/p2559577569.jpg,45,9.2,朱塞佩·托纳多雷 Giuseppe Tornatore,那些吻戏，那些青春，都在影院的黑暗里被泪水冲刷得无比清晰。
我不是药神 / 中国药神  /  印度药神,https://img9.doubanio.com/view/photo/s_ratio_poster/public/p2561305376.jpg,46,9.0,文牧野 Muye Wen,对我们国家而言，这样的电影多一部是一部。
闻香识女人 / Scent of a Woman / 女人香  /  女人的芳香,https://img1.doubanio.com/view/photo/s_ratio_poster/public/p2550757929.jpg,47,9.1,马丁·布莱斯 Martin Brest,史上最美的探戈。
辩护人 / 변호인 / 逆权大状(港)  /  正义辩护人(台),https://img9.doubanio.com/view/photo/s_ratio_poster/public/p2158166535.jpg,48,9.2,杨宇硕 Woo-seok Yang,电影的现实意义大过电影本身。
搏击俱乐部 / Fight Club / 搏击会(港)  /  斗阵俱乐部(台),https://img1.doubanio.com/view/photo/s_ratio_poster/public/p1910926158.jpg,49,9.0,大卫·芬奇 David Fincher,邪恶与平庸蛰伏于同一个母体，在特定的时间互相对峙。
教父2 / The Godfather: Part Ⅱ / 教父续集(港)  /  教父II,https://img1.doubanio.com/view/photo/s_ratio_poster/public/p2194138787.jpg,50,9.2,弗朗西斯·福特·科波拉 Francis Ford Coppola,优雅的孤独。
大闹天宫 / 大闹天宫 上下集  /  The Monkey King,https://img1.doubanio.com/view/photo/s_ratio_poster/public/p2184505167.jpg,51,9.3,万籁鸣 Laiming Wan / 唐澄 Cheng  Tang,经典之作，历久弥新。
狮子王 / The Lion King / 狮子王3D,https://img1.doubanio.com/view/photo/s_ratio_poster/public/p2277799019.jpg,52,9.0,Roger Allers / 罗伯·明可夫 Rob Minkoff,动物版《哈姆雷特》。
死亡诗社 / Dead Poets Society / 暴雨骄阳(港)  /  春风化雨(台),https://img3.doubanio.com/view/photo/s_ratio_poster/public/p2575465690.jpg,53,9.1,彼得·威尔 Peter Weir,当一个死水般的体制内出现一个活跃的变数时，所有的腐臭都站在了光明的对面。
指环王2：双塔奇兵 / The Lord of the Rings: The Two Towers / 魔戒二部曲：双城奇谋  /  指环王II：双塔,https://img9.doubanio.com/view/photo/s_ratio_poster/public/p909265336.jpg,54,9.1,彼得·杰克逊 Peter Jackson,承前启后的史诗篇章。
猫鼠游戏 / Catch Me If You Can / 逍遥法外  /  神鬼交锋(台),https://img3.doubanio.com/view/photo/s_ratio_poster/public/p453924541.jpg,55,9.0,史蒂文·斯皮尔伯格 Steven Spielberg,骗子大师和执著警探的你追我跑故事。 
钢琴家 / The Pianist / 钢琴战曲(港)  /  战地琴人(台),https://img2.doubanio.com/view/photo/s_ratio_poster/public/p792376093.jpg,56,9.2,罗曼·波兰斯基 Roman Polanski,音乐能化解仇恨。
窃听风暴 / Das Leben der Anderen / 窃听者(港)  /  他人的生活,https://img1.doubanio.com/view/photo/s_ratio_poster/public/p1808872109.jpg,57,9.1,导演: 弗洛里安·亨克尔·冯·多纳斯马尔克 Florian Henckel von Donnersmarck&n,别样人生。
指环王1：魔戒再现 / The Lord of the Rings: The Fellowship of the Ring / 魔戒首部曲：魔戒现身  /  指环王I：护戒使者,https://img3.doubanio.com/view/photo/s_ratio_poster/public/p1354436051.jpg,58,9.0,彼得·杰克逊 Peter Jackson,传说的开始。
黑客帝国 / The Matrix / 22世纪杀人网络(港)  /  廿二世纪杀人网络(港),https://img1.doubanio.com/view/photo/s_ratio_poster/public/p451926968.jpg,59,9.0,安迪·沃卓斯基 Andy Wachowski / 拉娜·沃卓斯基 Lana Wachowski,视觉革命。
美丽心灵 / A Beautiful Mind / 有你终生美丽(港)  /  美丽境界(台),https://img3.doubanio.com/view/photo/s_ratio_poster/public/p1665997400.jpg,60,9.0,朗·霍华德 Ron Howard,爱是一切逻辑和原由。
饮食男女 / 飲食男女 / Eat Drink Man Woman,https://img3.doubanio.com/view/photo/s_ratio_poster/public/p1910899751.jpg,61,9.1,李安 Ang Lee,人生不能像做菜，把所有的料都准备好了才下锅。
"两杆大烟枪 / Lock, Stock and Two Smoking Barrels / 够姜四小强(港)  /  两根枪管(台)",https://img1.doubanio.com/view/photo/s_ratio_poster/public/p792443418.jpg,62,9.1,Guy Ritchie,4个臭皮匠顶个诸葛亮，盖·里奇果然不是盖的。
飞越疯人院 / One Flew Over the Cuckoo's Nest / 飞越杜鹃窝(台)  /  飞越喜鹊巢,https://img1.doubanio.com/view/photo/s_ratio_poster/public/p792238287.jpg,63,9.1,米洛斯·福尔曼 Miloš Forman,自由万岁。
让子弹飞 / 让子弹飞一会儿  /  火烧云,https://img1.doubanio.com/view/photo/s_ratio_poster/public/p1512562287.jpg,64,8.8,姜文 Wen Jiang,你给我翻译翻译，神马叫做TMD的惊喜。
本杰明·巴顿奇事 / The Curious Case of Benjamin Button / 奇幻逆缘(港)  /  班杰明的奇幻旅程(台),https://img3.doubanio.com/view/photo/s_ratio_poster/public/p2192535722.jpg,65,8.9,大卫·芬奇 David Fincher,在时间之河里感受溺水之苦。
绿皮书 / Green Book / 绿簿旅友(港)  /  幸福绿皮书(台),https://img3.doubanio.com/view/photo/s_ratio_poster/public/p2549177902.jpg,66,8.9,彼得·法雷里 Peter Farrelly,去除成见，需要勇气。
看不见的客人 / Contratiempo / 死无对证(港)  /  布局(台),https://img9.doubanio.com/view/photo/s_ratio_poster/public/p2498971355.jpg,67,8.8,奥里奥尔·保罗 Oriol Paulo,你以为你以为的就是你以为的。
西西里的美丽传说 / Malèna / 真爱伴我行(台)  /  玛莲娜,https://img9.doubanio.com/view/photo/s_ratio_poster/public/p2448029416.jpg,68,8.9,朱塞佩·托纳多雷 Giuseppe Tornatore,美丽无罪。
海蒂和爷爷 / Heidi / 飘零燕(港)  /  海蒂,https://img9.doubanio.com/view/photo/s_ratio_poster/public/p2554525534.jpg,69,9.2,阿兰·葛斯彭纳 Alain Gsponer,如果生活中有什么使你感到快乐，那就去做吧！不要管别人说什么。
拯救大兵瑞恩 / Saving Private Ryan / 雷霆救兵(港)  /  抢救雷恩大兵(台),https://img9.doubanio.com/view/photo/s_ratio_poster/public/p1014542496.jpg,70,9.0,史蒂文·斯皮尔伯格 Steven Spielberg,美利坚精神输出大片No1.
小鞋子 / بچههای آسمان / 天堂的孩子  /  小童鞋,https://img9.doubanio.com/view/photo/s_ratio_poster/public/p2173580536.jpg,71,9.2,马基德·马基迪 Majid Majidi,奔跑的孩子是天使。
穿条纹睡衣的男孩 / The Boy in the Striped Pajamas / 穿条纹衣服的男孩  /  穿条纹衣的男孩,https://img3.doubanio.com/view/photo/s_ratio_poster/public/p1473670352.jpg,72,9.1,马克·赫尔曼 Mark Herman,尽管有些不切实际的幻想，这部电影依旧是一部感人肺腑的佳作。
情书 / Love Letter / When I Close My Eyes  /  Letters of Love,https://img1.doubanio.com/view/photo/s_ratio_poster/public/p449897379.jpg,73,8.9,岩井俊二 Shunji Iwai,暗恋的极致。
海豚湾 / The Cove / 血色海湾(台)  /  海湾,https://img1.doubanio.com/view/photo/s_ratio_poster/public/p2559579779.jpg,74,9.3,路易·西霍尤斯 Louie Psihoyos,海豚的微笑，是世界上最高明的伪装。
音乐之声 / The Sound of Music / 仙乐飘飘处处闻(港)  /  真善美(台),https://img1.doubanio.com/view/photo/s_ratio_poster/public/p453788577.jpg,75,9.0,罗伯特·怀斯 Robert Wise,用音乐化解仇恨，让歌声串起美好。
美国往事 / Once Upon a Time in America / 四海兄弟(台)  /  义薄云天(港),https://img1.doubanio.com/view/photo/s_ratio_poster/public/p477229647.jpg,76,9.2,赛尔乔·莱翁内 Sergio Leone,往事如烟，无处祭奠。
致命魔术 / The Prestige / 顶尖对决(台)  /  死亡魔法(港),https://img9.doubanio.com/view/photo/s_ratio_poster/public/p480383375.jpg,77,8.9,克里斯托弗·诺兰 Christopher Nolan,孪生蝙蝠侠大战克隆金刚狼。
低俗小说 / Pulp Fiction / 危险人物(港)  /  黑色追缉令(台),https://img2.doubanio.com/view/photo/s_ratio_poster/public/p1910902213.jpg,78,8.9,昆汀·塔伦蒂诺 Quentin Tarantino,故事的高级讲法。
沉默的羔羊 / The Silence of the Lambs / 沉默的羔羊,https://img1.doubanio.com/view/photo/s_ratio_poster/public/p1593414327.jpg,79,8.8,乔纳森·戴米 Jonathan Demme,安东尼·霍普金斯的顶级表演。
七宗罪 / Se7en / 火线追缉令(台)  /  7宗罪,https://img9.doubanio.com/view/photo/s_ratio_poster/public/p2219586434.jpg,80,8.8,大卫·芬奇 David Fincher,警察抓小偷，老鼠玩死猫。
蝴蝶效应 / The Butterfly Effect / 蝴蝶效应,https://img1.doubanio.com/view/photo/s_ratio_poster/public/p2209066019.jpg,81,8.8,埃里克·布雷斯 Eric Bress / J·麦基·格鲁伯 J. Mackye Gruber,人的命运被自己瞬间的抉择改变。
禁闭岛 / Shutter Island / 不赦岛(港)  /  隔离岛(台),https://img1.doubanio.com/view/photo/s_ratio_poster/public/p1832875827.jpg,82,8.8,Martin Scorsese,昔日翩翩少年，今日大腹便便。
心灵捕手 / Good Will Hunting / 骄阳似我(港)  /  心灵捕手,https://img9.doubanio.com/view/photo/s_ratio_poster/public/p480965695.jpg,83,8.9,格斯·范·桑特 Gus Van Sant,人生中应该拥有这样的一段豁然开朗。
布达佩斯大饭店 / The Grand Budapest Hotel / 布达佩斯大酒店(港)  /  欢迎来到布达佩斯大饭店(台),https://img2.doubanio.com/view/photo/s_ratio_poster/public/p2178872593.jpg,84,8.8,韦斯·安德森 Wes Anderson,小清新的故事里注入了大历史的情怀。
春光乍泄 / 春光乍洩 / 一起快乐  /  Happy Together,https://img3.doubanio.com/view/photo/s_ratio_poster/public/p465939041.jpg,85,8.9,王家卫 Kar Wai Wong,爱情纠缠，男女一致。
被嫌弃的松子的一生 / 嫌われ松子の一生 / 花样奇缘(港)  /  令人讨厌的松子的一生(台),https://img9.doubanio.com/view/photo/s_ratio_poster/public/p884763596.jpg,86,8.9,中岛哲也 Tetsuya Nakashima,以戏谑来戏谑戏谑。
摩登时代 / Modern Times / The Masses  /  Les Temps modernes,https://img1.doubanio.com/view/photo/s_ratio_poster/public/p2263408369.jpg,87,9.3,查理·卓别林 Charles Chaplin,大时代中的人生，小人物的悲喜。
阿凡达 / Avatar / 天神下凡(港)  /  化身,https://img1.doubanio.com/view/photo/s_ratio_poster/public/p2180085848.jpg,88,8.7,詹姆斯·卡梅隆 James Cameron,绝对意义上的美轮美奂。
剪刀手爱德华 / Edward Scissorhands / 幻海奇缘(港)  /  剪刀手爱德华,https://img1.doubanio.com/view/photo/s_ratio_poster/public/p480956937.jpg,89,8.7,蒂姆·波顿 Tim Burton,浪漫忧郁的成人童话。
勇敢的心 / Braveheart / 惊世未了缘(港)  /  梅尔吉勃逊之英雄本色(台),https://img1.doubanio.com/view/photo/s_ratio_poster/public/p2004174709.jpg,90,8.9,梅尔·吉布森 Mel Gibson,史诗大片的典范。
哈利·波特与死亡圣器(下) / Harry Potter and the Deathly Hallows: Part 2 / 哈利波特7：死神的圣物2(港 / 台) ,https://img2.doubanio.com/view/photo/s_ratio_poster/public/p917846733.jpg,91,8.9,大卫·叶茨 David Yates,10年的完美句点。
喜剧之王 / 喜劇之王 / King of Comedy,https://img1.doubanio.com/view/photo/s_ratio_poster/public/p2579932167.jpg,92,8.8,周星驰 Stephen Chow / 李力持 Lik-Chi Lee,我是一个演员。
致命ID / Identity / 杀人游戏  /  致命身份,https://img9.doubanio.com/view/photo/s_ratio_poster/public/p2558364386.jpg,93,8.8,詹姆斯·曼高德 James Mangold,最不可能的那个人永远是最可能的。
加勒比海盗 / Pirates of the Caribbean: The Curse of the Black Pearl / 加勒比海盗1：黑珍珠号的诅咒  /  神鬼奇航：鬼盗船魔咒(台),https://img9.doubanio.com/view/photo/s_ratio_poster/public/p1596085504.jpg,94,8.8,戈尔·维宾斯基 Gore Verbinski,约翰尼·德普的独角戏。
天使爱美丽 / Le fabuleux destin d'Amélie Poulain / 艾蜜莉的异想世界(台)  /  天使艾米莉,https://img2.doubanio.com/view/photo/s_ratio_poster/public/p2447590313.jpg,95,8.7,让-皮埃尔·热内 Jean-Pierre Jeunet,法式小清新。 
杀人回忆 / 살인의 추억 / 谋杀回忆  /  杀手回忆录,https://img3.doubanio.com/view/photo/s_ratio_poster/public/p657823840.jpg,96,8.8,奉俊昊 Joon-ho Bong,关于连环杀人悬案的集体回忆。
狩猎 / Jagten / 诬网(港)  /  谎言的烙印(台),https://img1.doubanio.com/view/photo/s_ratio_poster/public/p1546987967.jpg,97,9.1,托马斯·温特伯格 Thomas Vinterberg,人言可畏。
断背山 / Brokeback Mountain / 断臂山  /  BBM,https://img1.doubanio.com/view/photo/s_ratio_poster/public/p2514704949.jpg,98,8.8,李安 Ang Lee,每个人心中都有一座断背山。
请以你的名字呼唤我 / Call Me by Your Name / 以你的名字呼唤我(港 / 台) ,https://img3.doubanio.com/view/photo/s_ratio_poster/public/p2505525050.jpg,99,8.9,卢卡·瓜达尼诺 Luca Guadagnino,沉醉在电影的情感和视听氛围中无法自拔。
7号房的礼物 / 7번방의 선물 / 戆爸的礼物(港)  /  7号囚房的礼物,https://img9.doubanio.com/view/photo/s_ratio_poster/public/p1816276065.jpg,100,8.9,李焕庆 Hwan-kyeong Lee,《我是山姆》的《美丽人生》。
幽灵公主 / もののけ姫 / 魔法公主(台)  /  幽灵少女,https://img9.doubanio.com/view/photo/s_ratio_poster/public/p1613191025.jpg,101,8.9,宫崎骏 Hayao Miyazaki,人与自然的战争史诗。
小森林 夏秋篇 / リトル・フォレスト 夏・秋 / 小森食光 / 夏秋篇(台) ,https://img2.doubanio.com/view/photo/s_ratio_poster/public/p2564498893.jpg,102,9.0,森淳一 Junichi Mori,那些静得只能听见呼吸的日子里，你明白孤独即生活。
阳光灿烂的日子 / In the Heat of the Sun,https://img9.doubanio.com/view/photo/s_ratio_poster/public/p2564685215.jpg,103,8.8,姜文 Wen Jiang,一场华丽的意淫。
红辣椒 / パプリカ / 盗梦侦探(港 / 台) ,https://img3.doubanio.com/view/photo/s_ratio_poster/public/p456825720.jpg,104,9.0,今敏 Satoshi Kon,梦的勾结。
第六感 / The Sixth Sense / 鬼眼(港)  /  灵异第六感(台),https://img9.doubanio.com/view/photo/s_ratio_poster/public/p2220184425.jpg,105,8.9,M·奈特·沙马兰 M. Night Shyamalan,深入内心的恐怖，出人意料的结局。
重庆森林 / 重慶森林 / Chungking Express,https://img3.doubanio.com/view/photo/s_ratio_poster/public/p792381411.jpg,106,8.7,王家卫 Kar Wai Wong,寂寞没有期限。
入殓师 / おくりびと / 礼仪师之奏鸣曲(港)  /  礼仪师(台),https://img1.doubanio.com/view/photo/s_ratio_poster/public/p1583839859.jpg,107,8.8,泷田洋二郎 Yôjirô Takita,死可能是一道门，逝去并不是终结，而是超越，走向下一程。
小森林 冬春篇 / リトル・フォレスト 冬・春 / 小森食光 / 冬春篇(台) ,https://img1.doubanio.com/view/photo/s_ratio_poster/public/p2215147728.jpg,108,9.0,森淳一 Junichi Mori,尊敬他人，尊敬你生活的这片土地，明白孤独是人生的常态。
消失的爱人 / Gone Girl / 失踪的女孩  /  失踪女孩,https://img9.doubanio.com/view/photo/s_ratio_poster/public/p2221768894.jpg,109,8.7,大卫·芬奇 David Fincher,年度最佳date movie。
爱在黎明破晓前 / Before Sunrise / 情留半天(港)  /  爱在黎明破晓时(台),https://img9.doubanio.com/view/photo/s_ratio_poster/public/p2555762374.jpg,110,8.8,理查德·林克莱特 Richard Linklater,缘分是个连绵词，最美不过一瞬。
一一 / Yi yi  /  Yi yi: A One and a Two,https://img2.doubanio.com/view/photo/s_ratio_poster/public/p2567845803.jpg,111,9.0,杨德昌 Edward Yang,我们都曾经是一一。
唐伯虎点秋香 / 唐伯虎點秋香 / Flirting Scholar,https://img9.doubanio.com/view/photo/s_ratio_poster/public/p2357915564.jpg,112,8.6,李力持 Lik-Chi Lee,华太师是黄霑，吴镇宇四大才子之一。
蝙蝠侠：黑暗骑士崛起 / The Dark Knight Rises / 蝙蝠侠前传3：黑暗骑士崛起  /  黑暗骑士：黎明升起(台),https://img9.doubanio.com/view/photo/s_ratio_poster/public/p1706428744.jpg,113,8.8,克里斯托弗·诺兰 Christopher Nolan,诺兰就是保证。
侧耳倾听 / 耳をすませば / 心之谷(台)  /  梦幻街少女(港),https://img3.doubanio.com/view/photo/s_ratio_poster/public/p456692072.jpg,114,8.9,近藤喜文 Yoshifumi Kondo,少女情怀总是诗。
超脱 / Detachment / 人间师格(台),https://img3.doubanio.com/view/photo/s_ratio_poster/public/p1305562621.jpg,115,8.9,托尼·凯耶 Tony Kaye,穷尽一生，我们要学会的，不过是彼此拥抱。
倩女幽魂 / 倩女幽魂(87版)  /  倩女幽魂：妖魔道,https://img9.doubanio.com/view/photo/s_ratio_poster/public/p2414157745.jpg,116,8.7,程小东 Siu-Tung Ching,两张绝世的脸。 
玛丽和马克思 / Mary and Max / 巧克力情缘(台)  /  同是天涯寂寞客,https://img9.doubanio.com/view/photo/s_ratio_poster/public/p2162822165.jpg,117,8.9,亚当·艾略特 Adam Elliot,你是我最好的朋友，你是我唯一的朋友 。
无人知晓 / 誰も知らない / 谁知赤子心(港)  /  无人知晓的夏日清晨(台),https://img2.doubanio.com/view/photo/s_ratio_poster/public/p661160053.jpg,118,9.1,是枝裕和 Hirokazu Koreeda,我的平常生活就是他人的幸福。
超能陆战队 / Big Hero 6 / 大英雄联盟(港)  /  大英雄天团(台),https://img2.doubanio.com/view/photo/s_ratio_poster/public/p2614500883.jpg,119,8.7,唐·霍尔 Don Hall / 克里斯·威廉姆斯 Chris Williams,Balalala~~~
菊次郎的夏天 / 菊次郎の夏 / 菊次郎之夏  /  Kikujirô no natsu,https://img9.doubanio.com/view/photo/s_ratio_poster/public/p2620392435.jpg,120,8.8,北野武 Takeshi Kitano,从没见过那么流氓的温柔，从没见过那么温柔的流氓。
甜蜜蜜 / Comrades: Almost a Love Story,https://img9.doubanio.com/view/photo/s_ratio_poster/public/p2223011274.jpg,121,8.8,陈可辛 Peter Chan,相逢只要一瞬间，等待却像是一辈子。
萤火之森 / 蛍火の杜へ / 萤火之社  /  Hotarubi no mori e,https://img2.doubanio.com/view/photo/s_ratio_poster/public/p1675053073.jpg,122,8.9,大森贵弘 Takahiro Omori,触不到的恋人。
告白 / 自白  /  母亲,https://img9.doubanio.com/view/photo/s_ratio_poster/public/p689520756.jpg,123,8.7,中岛哲也 Tetsuya Nakashima,没有一人完全善，也没有一人完全恶。
大鱼 / Big Fish / 大鱼奇缘(港)  /  大智若鱼(台),https://img9.doubanio.com/view/photo/s_ratio_poster/public/p692813374.jpg,124,8.8,蒂姆·波顿 Tim Burton,抱着梦想而活着的人是幸福的，怀抱梦想而死去的人是不朽的。
借东西的小人阿莉埃蒂 / 借りぐらしのアリエッティ / 借物少女艾莉缇(台)  /  借东西的小矮人亚莉亚蒂(港),https://img9.doubanio.com/view/photo/s_ratio_poster/public/p617533616.jpg,125,8.8,米林宏昌 Hiromasa Yonebayashi,曾经的那段美好会沉淀为一辈子的记忆。
阳光姐妹淘 / 써니 / 阳光姊妹淘(港)  /  桑尼,https://img1.doubanio.com/view/photo/s_ratio_poster/public/p1374786017.jpg,126,8.8,姜炯哲 Hyeong-Cheol Kang,再多各自牛逼的时光，也比不上一起傻逼的岁月。 
驯龙高手 / How to Train Your Dragon / 驯龙记(港),https://img9.doubanio.com/view/photo/s_ratio_poster/public/p2210954024.jpg,127,8.7,迪恩·德布洛斯 Dean DeBlois / 克里斯·桑德斯 Chris Sanders,和谐的生活离不开摸头与被摸头。
射雕英雄传之东成西就 / 射鵰英雄傳之東成西就 / 东成西就  /  大英雄 (日本),https://img9.doubanio.com/view/photo/s_ratio_poster/public/p2609063925.jpg,128,8.7,刘镇伟 Jeffrey Lau,百看不厌。 
幸福终点站 / The Terminal / 机场客运站(港)  /  航站情缘(台),https://img1.doubanio.com/view/photo/s_ratio_poster/public/p854757687.jpg,129,8.8,史蒂文·斯皮尔伯格 Steven Spielberg,有时候幸福需要等一等。 
爱在日落黄昏时 / Before Sunset / 日落巴黎(港)  /  爱在日落巴黎时(台),https://img1.doubanio.com/view/photo/s_ratio_poster/public/p2561542458.jpg,130,8.8,理查德·林克莱特 Richard Linklater,九年后的重逢是世俗和责任的交叠，没了悸动和青涩，沧桑而温暖。
功夫 / 功夫3D  /  Kung Fu Hustle,https://img1.doubanio.com/view/photo/s_ratio_poster/public/p2219011938.jpg,131,8.6,周星驰 Stephen Chow,警恶惩奸，维护世界和平这个任务就交给你了，好吗？
恐怖直播 / 더 테러 라이브 / 死亡“动”新闻(港)  /  恐怖攻击直播(台),https://img9.doubanio.com/view/photo/s_ratio_poster/public/p2016930906.jpg,132,8.8,金秉祐 Byeong-woo Kim,恐怖分子的“秋菊打官司”。
完美的世界 / A Perfect World / 强盗保镳,https://img1.doubanio.com/view/photo/s_ratio_poster/public/p2190556408.jpg,133,9.1,克林特·伊斯特伍德 Clint Eastwood,坏人的好总是比好人的好来得更感人。
人生果实 / 人生フルーツ / 积存时间的生活(台)  /  人生水果,https://img3.doubanio.com/view/photo/s_ratio_poster/public/p2544912792.jpg,134,9.5,伏原健之 Kenshi Fushihara,土壤没有落叶不会肥沃，没有了你就不算人生。
神偷奶爸 / Despicable Me / 卑鄙的我  /  坏蛋奖门人(港),https://img1.doubanio.com/view/photo/s_ratio_poster/public/p792776858.jpg,135,8.6,皮艾尔·柯芬 Pierre Coffin / 克里斯·雷纳德 Chris Renaud,Mr. I Don't Care其实也有Care的时候。
"怪兽电力公司 / Monsters, Inc. / 怪兽公司(港)  /  怪物公司",https://img1.doubanio.com/view/photo/s_ratio_poster/public/p2513247938.jpg,136,8.7,彼特·道格特 Pete Docter / 大卫·斯沃曼 David Silverman,不要给它起名字，起了名字就有感情了。
玩具总动员3 / Toy Story 3 / 反斗奇兵3(港)  /  玩具的故事3,https://img1.doubanio.com/view/photo/s_ratio_poster/public/p1283675359.jpg,137,8.8,李·昂克里奇 Lee Unkrich,跨度十五年的欢乐与泪水。
天书奇谭 / The Legend of Sealed Book  /  Secrets of the Heavenly Book,https://img1.doubanio.com/view/photo/s_ratio_poster/public/p2515539487.jpg,138,9.2,王树忱 Shuchen Wang / 钱运达 Yunda Qian,传奇的年代，醉人的童话。
傲慢与偏见 / Pride & Prejudice / 傲慢与偏见2005  /  Pride And Prejudice,https://img1.doubanio.com/view/photo/s_ratio_poster/public/p2016401659.jpg,139,8.6,乔·怀特 Joe Wright,爱是摈弃傲慢与偏见之后的曙光。
血战钢锯岭 / Hacksaw Ridge / 钢锯岭  /  钢铁英雄(台),https://img1.doubanio.com/view/photo/s_ratio_poster/public/p2398141939.jpg,140,8.7,梅尔·吉布森 Mel Gibson,优秀的战争片不会美化战场，不会粉饰死亡，不会矮化敌人，不会无视常识，最重要的，不会宣扬战争。
哈利·波特与阿兹卡班的囚徒 / Harry Potter and the Prisoner of Azkaban / 哈利波特3：阿兹卡班的逃犯(港 / 台) ,https://img1.doubanio.com/view/photo/s_ratio_poster/public/p1910812549.jpg,141,8.7,Alfonso Cuarón,不一样的导演，不一样的哈利·波特。
教父3 / The Godfather: Part III / 教父第三集  /  教父 III,https://img3.doubanio.com/view/photo/s_ratio_poster/public/p2169664351.jpg,142,8.9,弗朗西斯·福特·科波拉 Francis Ford Coppola,任何信念的力量，都无法改变命运。
时空恋旅人 / About Time / 时空旅恋人  /  回到最爱的一天(港),https://img9.doubanio.com/view/photo/s_ratio_poster/public/p2070153774.jpg,143,8.7,理查德·柯蒂斯 Richard Curtis,把每天当作最后一天般珍惜度过，积极拥抱生活，就是幸福。
釜山行 / 부산행 / 尸杀列车(港)  /  尸速列车(台),https://img1.doubanio.com/view/photo/s_ratio_poster/public/p2360940399.jpg,144,8.5,延尚昊 Sang-ho Yeon,揭露人性的丧尸题材力作。
风之谷 / 風の谷のナウシカ / 风谷少女  /  Kaze no tani no Naushika,https://img3.doubanio.com/view/photo/s_ratio_poster/public/p1917567652.jpg,145,8.9,宫崎骏 Hayao Miyazaki,动画片的圣经。
哪吒闹海 / Prince Nezha's Triumph Against Dragon King  /  Nezha Conquers the Dragon King,https://img2.doubanio.com/view/photo/s_ratio_poster/public/p2516566783.jpg,146,9.1,严定宪 Dingxian Yan / 王树忱 Shuchen Wang,想你时你在闹海。
电锯惊魂 / Saw / 夺魂锯(台)  /  恐惧斗室(港),https://img9.doubanio.com/view/photo/s_ratio_poster/public/p2565332644.jpg,147,8.7,詹姆斯·温 James Wan,真相就在眼前。
被解救的姜戈 / Django Unchained / 被解放的姜戈  /  决杀令(台),https://img1.doubanio.com/view/photo/s_ratio_poster/public/p1959232369.jpg,148,8.7,昆汀·塔伦蒂诺 Quentin Tarantino,热血沸腾，那个低俗、性感的无耻混蛋又来了。
上帝之城 / Cidade de Deus / 无主之城 (港)  /  无法无天 (台),https://img3.doubanio.com/view/photo/s_ratio_poster/public/p455677490.jpg,149,8.9,导演: 费尔南多·梅里尔斯 Fernando Meirelles / 卡迪亚·兰德 Kátia Lund&nbsp,被上帝抛弃了的上帝之城。
喜宴 / 囍宴 / The Wedding Banquet,https://img9.doubanio.com/view/photo/s_ratio_poster/public/p2173713676.jpg,150,8.9,李安 Ang Lee,中国家庭的喜怒哀乐忍。
七武士 / 七人の侍 / 七侠四义(港)  /  七剑客(港),https://img9.doubanio.com/view/photo/s_ratio_poster/public/p2215886505.jpg,151,9.2,黑泽明 Akira Kurosawa,时代悲歌。
英雄本色 / A Better Tomorrow  /  Gangland Boss,https://img1.doubanio.com/view/photo/s_ratio_poster/public/p2504997087.jpg,152,8.7,吴宇森 John Woo,英雄泪短，兄弟情长。 
我是山姆 / I Am Sam / 不一样的爸爸(港)  /  他不笨，他是我爸爸(台),https://img9.doubanio.com/view/photo/s_ratio_poster/public/p652417775.jpg,153,8.9,杰茜·尼尔森 Jessie Nelson,爱并不需要智商 。
谍影重重3 / The Bourne Ultimatum / 叛谍追击3：最后通牒(港)  /  神鬼认证：最后通牒 (台),https://img1.doubanio.com/view/photo/s_ratio_poster/public/p792223507.jpg,154,8.8,保罗·格林格拉斯 Paul Greengrass,像吃了苏打饼一样干脆的电影。
头号玩家 / Ready Player One / 玩家一号  /  挑战者1号(港),https://img1.doubanio.com/view/photo/s_ratio_poster/public/p2516578307.jpg,155,8.6,史蒂文·斯皮尔伯格 Steven Spielberg,写给影迷，动漫迷和游戏迷的一封情书。
哈利·波特与密室 / Harry Potter and the Chamber of Secrets / 哈利波特2：消失的密室(港 / 台) ,https://img3.doubanio.com/view/photo/s_ratio_poster/public/p1082651990.jpg,156,8.7,Chris Columbus,魔法的密室之门已打开...
岁月神偷 / 歲月神偷 / 1969太空漫游  /  Echoes Of The Rainbow,https://img3.doubanio.com/view/photo/s_ratio_poster/public/p456666151.jpg,157,8.7,罗启锐 Alex Law,岁月流逝，来日可追。
一个叫欧维的男人决定去死 / En man som heter Ove / 明天别再来敲门(台)  /  想死冇咁易(港),https://img2.doubanio.com/view/photo/s_ratio_poster/public/p2406624993.jpg,158,8.8,汉内斯·赫尔姆 Hannes Holm,惠及一生的美丽。
纵横四海 / 緃横四海 / Once a Thief,https://img1.doubanio.com/view/photo/s_ratio_poster/public/p2597918718.jpg,159,8.8,吴宇森 John Woo,香港浪漫主义警匪动作片的巅峰之作。
"三块广告牌 / Three Billboards Outside Ebbing, Missouri / 广告牌杀人事件(港)  /  意外(台)",https://img1.doubanio.com/view/photo/s_ratio_poster/public/p2510081688.jpg,160,8.7,马丁·麦克唐纳 Martin McDonagh,怼天怼地，你走后，她与世界为敌。
疯狂原始人 / The Croods / 古鲁家族(港 / 台) ,https://img1.doubanio.com/view/photo/s_ratio_poster/public/p1867084027.jpg,161,8.7,科克·德·米科 Kirk De Micco / 克里斯·桑德斯 Chris Sanders,老少皆宜，这就是好莱坞动画的魅力。
心迷宫 / 殡棺  /  The Coffin in the Mountain,https://img9.doubanio.com/view/photo/s_ratio_poster/public/p2276780256.jpg,162,8.7,忻钰坤 Yukun Xin,荒诞讽刺，千奇百巧，抽丝剥茧，百转千回。
达拉斯买家俱乐部 / Dallas Buyers Club / 续命枭雄(港)  /  药命俱乐部(台),https://img1.doubanio.com/view/photo/s_ratio_poster/public/p2166160837.jpg,163,8.8,让-马克·瓦雷 Jean-Marc Vallée,Jared Leto的腿比女人还美！
记忆碎片 / Memento / 凶心人(港)  /  记忆拼图(台),https://img2.doubanio.com/view/photo/s_ratio_poster/public/p641688453.jpg,164,8.6,克里斯托弗·诺兰 Christopher Nolan,一个针管引发的血案。
卢旺达饭店 / Hotel Rwanda / 卢安达饭店(台),https://img2.doubanio.com/view/photo/s_ratio_poster/public/p470419493.jpg,165,8.9,特瑞·乔治 Terry George,当这个世界闭上双眼，他却敞开了怀抱。
花样年华 / 花樣年華 / In the Mood for Love,https://img9.doubanio.com/view/photo/s_ratio_poster/public/p1910828286.jpg,166,8.7,王家卫 Kar Wai Wong,偷情本没有这样美。
你的名字。 / 君の名は。 / 你的名字  /  君之名,https://img1.doubanio.com/view/photo/s_ratio_poster/public/p2395733377.jpg,167,8.4,新海诚 Makoto Shinkai,穿越错位的时空，仰望陨落的星辰，你没留下你的名字，我却无法忘记那句“我爱你”。
萤火虫之墓 / 火垂るの墓 / 再见萤火虫(港)  /  萤火挽歌,https://img1.doubanio.com/view/photo/s_ratio_poster/public/p1157334208.jpg,168,8.7,高畑勋 Isao Takahata,幸福是生生不息，却难以触及的远。 
荒蛮故事 / Relatos salvajes / 蛮荒故事  /  生命中最抓狂的小事(台),https://img3.doubanio.com/view/photo/s_ratio_poster/public/p2584519452.jpg,169,8.8,达米安·斯兹弗隆 Damián Szifron,始于荒诞，止于更荒诞。
未麻的部屋 / Perfect Blue / 蓝色恐惧(港 / 台) ,https://img3.doubanio.com/view/photo/s_ratio_poster/public/p1351050722.jpg,170,9.0,今敏 Satoshi Kon,好的剧本是，就算你猜到了结局也猜不到全部。
黑客帝国3：矩阵革命 / The Matrix Revolutions / 22世纪杀人网络3：惊变世纪(港)  /  骇客任务完结篇：最后战役(台),https://img1.doubanio.com/view/photo/s_ratio_poster/public/p443461818.jpg,171,8.8,Andy Wachowski / Larry Wachowski,不得不说，《黑客帝国》系列是商业片与科幻、哲学完美结合的典范。
贫民窟的百万富翁 / Slumdog Millionaire / 一百万零一夜(港)  /  贫民百万富翁(台),https://img3.doubanio.com/view/photo/s_ratio_poster/public/p2434249040.jpg,172,8.6,丹尼·鲍尔 Danny Boyle / 洛芙琳·坦丹 Loveleen Tandan,上帝之城+猜火车+阿甘正传+开心辞典=山寨富翁
爆裂鼓手 / Whiplash / 鼓动真我(港)  /  进击的鼓手(台),https://img3.doubanio.com/view/photo/s_ratio_poster/public/p2220776342.jpg,173,8.7,达米恩·查泽雷 Damien Chazelle,这个世界从不善待努力的人，努力了也不一定会成功，但是知道自己在努力，就是活下去的动力。
东邪西毒 / 東邪西毒 / Ashes of Time,https://img3.doubanio.com/view/photo/s_ratio_poster/public/p1982176012.jpg,174,8.6,王家卫 Kar Wai Wong,电影诗。
真爱至上 / Love Actually / 真的恋爱了(港)  /  爱是您，爱是我(台),https://img3.doubanio.com/view/photo/s_ratio_poster/public/p475600770.jpg,175,8.6,理查德·柯蒂斯 Richard Curtis,爱，是个动词。
模仿游戏 / The Imitation Game / 解码游戏(港)  /  模拟游戏,https://img3.doubanio.com/view/photo/s_ratio_poster/public/p2255040492.jpg,176,8.7,莫滕·泰杜姆 Morten Tyldum,他给机器起名“克里斯托弗”，因为这是他初恋的名字。
忠犬八公物语 / ハチ公物語 / 八千公物语  /  阿八的故事,https://img3.doubanio.com/view/photo/s_ratio_poster/public/p1576418852.jpg,177,9.2,Seijirô Kôyama,养狗三日，便会对你终其一生。
新世界 / 신세계 / 暗黑新世界(台)  /  New World,https://img1.doubanio.com/view/photo/s_ratio_poster/public/p1903379979.jpg,178,8.8,朴勋政 Hoon-jung Park,要做就做得狠一点，这样才能活下去。
黑天鹅 / Black Swan / 夺命黑天鹅  /  霸王别鹅(豆友译名),https://img9.doubanio.com/view/photo/s_ratio_poster/public/p2549648344.jpg,179,8.6,达伦·阿罗诺夫斯基 Darren Aronofsky,黑暗之美。
头脑特工队 / Inside Out / 玩转脑朋友(港)  /  脑筋急转弯(台),https://img9.doubanio.com/view/photo/s_ratio_poster/public/p2266293606.jpg,180,8.7,导演: 彼特·道格特 Pete Docter / 罗纳尔多·德尔·卡门 Ronaldo Del Carmen&nb,愿我们都不用长大，每一座城堡都能永远存在。
海街日记 / 海街diary / 海街女孩日记(港)  /  Kamakura Diary,https://img2.doubanio.com/view/photo/s_ratio_poster/public/p2242546753.jpg,181,8.8,是枝裕和 Hirokazu Koreeda,是枝裕和的家庭习作。
你看起来好像很好吃 / おまえうまそうだな / 你看起来很好吃(台)  /  你看上去好像很好吃,https://img3.doubanio.com/view/photo/s_ratio_poster/public/p709670262.jpg,182,8.9,藤森雅也 Masaya Fujimori,感情不分食草或者食肉。
无敌破坏王 / Wreck-It Ralph / 破坏王拉尔夫  /  破坏王大冒险,https://img9.doubanio.com/view/photo/s_ratio_poster/public/p1735642656.jpg,183,8.7,瑞奇·莫尔 Rich Moore,迪士尼和皮克斯拿错剧本的产物。
雨人 / Rain Man / 手足情未了(港)  /  手足情深,https://img3.doubanio.com/view/photo/s_ratio_poster/public/p2353324612.jpg,184,8.7,巴瑞·莱文森 Barry Levinson,生活在自己的世界里，也可以让周围的人显得可笑和渺小。
冰川时代 / Ice Age / 冰河世纪  /  冰原历险记,https://img1.doubanio.com/view/photo/s_ratio_poster/public/p1910895719.jpg,185,8.6,卡洛斯·沙尔丹哈 Carlos Saldanha / 克里斯·韦奇 Chris Wedge,松鼠才是角儿。
惊魂记 / Psycho / 精神病患者  /  触目惊心(港),https://img9.doubanio.com/view/photo/s_ratio_poster/public/p1021883305.jpg,186,9.0,阿尔弗雷德·希区柯克 Alfred Hitchcock,故事的反转与反转，分裂电影的始祖。
恋恋笔记本 / The Notebook / 忘了·忘不了(港)  /  手札情缘(台),https://img9.doubanio.com/view/photo/s_ratio_poster/public/p483604864.jpg,187,8.5,尼克·卡索维茨 Nick Cassavetes,爱情没有那么多借口，如果不能圆满，只能说明爱的不够。 
小偷家族 / 万引き家族 / Shoplifters  /  Une Affaire de Famille,https://img9.doubanio.com/view/photo/s_ratio_poster/public/p2530599636.jpg,188,8.7,是枝裕和 Hirokazu Koreeda,我们组成了家。
二十二 / Twenty Two  /  22,https://img1.doubanio.com/view/photo/s_ratio_poster/public/p2457609817.jpg,189,8.7,郭柯 Ke Guo,有一些东西不应该被遗忘。
绿里奇迹 / The Green Mile / 绿色奇迹(台)  /  绿色英里,https://img3.doubanio.com/view/photo/s_ratio_poster/public/p767586451.jpg,190,8.8,Frank Darabont,天使暂时离开。
恐怖游轮 / Triangle / 汪洋血迷宮(台)  /  轮回三角,https://img9.doubanio.com/view/photo/s_ratio_poster/public/p462470694.jpg,191,8.5,克里斯托弗·史密斯 Christopher Smith,不要企图在重复中寻找已经失去的爱。
海边的曼彻斯特 / Manchester by the Sea / 情系海边之城(港),https://img9.doubanio.com/view/photo/s_ratio_poster/public/p2421855655.jpg,192,8.6,肯尼斯·罗纳根 Kenneth Lonergan,我们都有权利不与自己的过去和解。
奇迹男孩 / Wonder / 奇迹,https://img1.doubanio.com/view/photo/s_ratio_poster/public/p2507709428.jpg,193,8.6,斯蒂芬·卓博斯基 Stephen Chbosky,世界不完美，爱会有奇迹。
房间 / Room / 不存在的房间(台)  /  抖室(港),https://img9.doubanio.com/view/photo/s_ratio_poster/public/p2259715855.jpg,194,8.8,伦尼·阿伯拉罕森 Lenny Abrahamson,被偷走的岁月，被伤害的生命，被禁锢的灵魂，终将被希望和善意救赎。
疯狂的石头 / Crazy Stone,https://img2.doubanio.com/view/photo/s_ratio_poster/public/p712241453.jpg,195,8.5,宁浩 Hao Ning,中国版《两杆大烟枪》。
魔女宅急便 / 魔女の宅急便 / 魔女琪琪(台)  /  小魔女限时专送,https://img3.doubanio.com/view/photo/s_ratio_poster/public/p456676352.jpg,196,8.6,宫崎骏 Hayao Miyazaki,宫崎骏的电影总让人感觉世界是美好的，阳光明媚的。
雨中曲 / Singin' in the Rain / 万花嬉春(港 / 台) ,https://img9.doubanio.com/view/photo/s_ratio_poster/public/p1612355875.jpg,197,9.0,斯坦利·多南 Stanley Donen / 吉恩·凯利 Gene Kelly,骨灰级歌舞片。
爱在午夜降临前 / Before Midnight / 情约半生(港)  /  爱在午夜希腊时(台),https://img1.doubanio.com/view/photo/s_ratio_poster/public/p2074715729.jpg,198,8.8,理查德·林克莱特 Richard Linklater,所谓爱情，就是话唠一路，都不会心生腻烦，彼此嫌弃。
虎口脱险 / La grande vadrouille / 横冲直撞出重围(港)  /  大進擊(台),https://img3.doubanio.com/view/photo/s_ratio_poster/public/p2399597512.jpg,199,8.9,杰拉尔·乌里 Gérard Oury,永远看不腻的喜剧。
人工智能 / Artificial Intelligence: AI / AI人工智慧,https://img1.doubanio.com/view/photo/s_ratio_poster/public/p792257137.jpg,200,8.6,史蒂文·斯皮尔伯格 Steven Spielberg,对爱的执着，可以超越一切。
罗生门 / 羅生門 / Rashomon,https://img3.doubanio.com/view/photo/s_ratio_poster/public/p1598883511.jpg,201,8.8,黑泽明 Akira Kurosawa,人生的N种可能性。
终结者2：审判日 / Terminator 2: Judgment Day / 终结者2  /  终结者2：末日审判,https://img9.doubanio.com/view/photo/s_ratio_poster/public/p1910909085.jpg,202,8.7,詹姆斯·卡梅隆 James Cameron,少见的超越首部的续集，动作片中的经典。
初恋这件小事 / สิ่งเล็กเล็กที่เรียกว่า...รัก / 初恋那件小事(港)  /  暗恋那点小事,https://img2.doubanio.com/view/photo/s_ratio_poster/public/p1505312273.jpg,203,8.4,导演: 普特鹏·普罗萨卡·那·萨克那卡林 Puttipong Promsaka Na Sakolnakorn / 华森·波克彭,黑小鸭速效美白记。
2001太空漫游 / 2001: A Space Odyssey / 2001：星际漫游  /  2001：太空奥德赛,https://img9.doubanio.com/view/photo/s_ratio_poster/public/p2560717825.jpg,204,8.8,斯坦利·库布里克 Stanley Kubrick,现代科幻电影的开山之作，最伟大导演的最伟大影片。
可可西里 / Kekexili: Mountain Patrol,https://img3.doubanio.com/view/photo/s_ratio_poster/public/p2414772322.jpg,205,8.8,陆川 Chuan Lu,坚硬的信仰。
城市之光 / City Lights / City Lights: A Comedy Romance in Pantomime  /  Lichter der Großstadt,https://img1.doubanio.com/view/photo/s_ratio_poster/public/p2170238828.jpg,206,9.3,Charles Chaplin,永远的小人物，伟大的卓别林。
魂断蓝桥 / Waterloo Bridge / 滑铁卢桥  /  断桥残梦,https://img1.doubanio.com/view/photo/s_ratio_poster/public/p2351134499.jpg,207,8.8,茂文·勒鲁瓦 Mervyn LeRoy,中国式内在的美国电影。
海洋 / Océans / Oceans  /  海洋,https://img9.doubanio.com/view/photo/s_ratio_poster/public/p1139181294.jpg,208,9.1,雅克·贝汉 Jacques Perrin / 雅克·克鲁奥德 Jacques Cluzaud,大海啊，不全是水。
牯岭街少年杀人事件 / 牯嶺街少年殺人事件 / A Brighter Summer Day,https://img9.doubanio.com/view/photo/s_ratio_poster/public/p848381236.jpg,209,8.8,杨德昌 Edward Yang,弱者送给弱者的一刀。
哈利·波特与火焰杯 / Harry Potter and the Goblet of Fire / 哈利波特4：火杯的考验(港 / 台) ,https://img1.doubanio.com/view/photo/s_ratio_poster/public/p2220723219.jpg,210,8.6,迈克·内威尔 Mike Newell,该电影没有评论
色，戒 / 色|戒  /  色·戒,https://img9.doubanio.com/view/photo/s_ratio_poster/public/p453716305.jpg,211,8.5,李安 Ang Lee,假戏真情，爱欲深海
燃情岁月 / Legends of the Fall / 秋日传奇  /  真爱一世情(台),https://img1.doubanio.com/view/photo/s_ratio_poster/public/p1023654037.jpg,212,8.8,爱德华·兹威克 Edward Zwick,传奇，不是每个人都可以拥有。
新龙门客栈 / 新龍門客棧 / New Dragon Gate Inn,https://img1.doubanio.com/view/photo/s_ratio_poster/public/p1421018669.jpg,213,8.6,李惠民 Raymond Lee,嬉笑怒骂，调风动月。
穿越时空的少女 / 時をかける少女 / 跳跃吧！时空少女(台)  /  Toki o kakeru shôjo,https://img1.doubanio.com/view/photo/s_ratio_poster/public/p2079334409.jpg,214,8.6,细田守 Mamoru Hosoda,爱上未来的你。 
九品芝麻官 / 九品芝麻官之白面包青天  /  Hail the Judge,https://img3.doubanio.com/view/photo/s_ratio_poster/public/p648370300.jpg,215,8.5,王晶 Jing Wong,该电影没有评论
源代码 / Source Code / 启动原始码(台)  /  危机解密(港),https://img9.doubanio.com/view/photo/s_ratio_poster/public/p988260245.jpg,216,8.5,邓肯·琼斯 Duncan Jones,邓肯·琼斯继《月球》之后再度奉献出一部精彩绝伦的科幻佳作。
青蛇 / Green Snake,https://img3.doubanio.com/view/photo/s_ratio_poster/public/p2570901292.jpg,217,8.5,徐克 Hark Tsui,人生如此，浮生如斯。谁人言，花彼岸，此生情长意短。谁都是不懂爱的罢了。
遗愿清单 / The Bucket List / 玩转身前事(港)  /  一路玩到挂(台),https://img3.doubanio.com/view/photo/s_ratio_poster/public/p1208653481.jpg,218,8.6,罗伯·莱纳 Rob Reiner,用剩余不多的时间，去燃烧整个生命。
无耻混蛋 / Inglourious Basterds / 希魔撞正杀人狂(港)  /  恶棍特工(台),https://img1.doubanio.com/view/photo/s_ratio_poster/public/p2575043939.jpg,219,8.6,Quentin Tarantino,昆汀同学越来越变态了，比北野武还杜琪峰。
阿飞正传 / 阿飛正傳 / Days of Being Wild,https://img2.doubanio.com/view/photo/s_ratio_poster/public/p2525770523.jpg,220,8.5,王家卫 Kar Wai Wong,王家卫是一种风格，张国荣是一个代表。
大佛普拉斯 / The Great Buddha+,https://img3.doubanio.com/view/photo/s_ratio_poster/public/p2505928032.jpg,221,8.7,黄信尧 Hsin-yao Huang,人们可以登上月球，却永远无法探索人们内心的宇宙。
完美陌生人 / Perfetti sconosciuti / 完美谎情(港)  /  波动的信息分享,https://img9.doubanio.com/view/photo/s_ratio_poster/public/p2522331945.jpg,222,8.5,保罗·格诺维瑟 Paolo Genovese,来啊，互相伤害啊！
血钻 / Blood Diamond / 血钻石(台)  /  血腥钻石,https://img2.doubanio.com/view/photo/s_ratio_poster/public/p1244017073.jpg,223,8.7,爱德华·兹威克 Edward Zwick,每个美丽事物背后都是滴血的现实。
谍影重重2 / The Bourne Supremacy / 叛谍追击2：机密圈套(港)  /  神鬼认证：神鬼疑云(台),https://img9.doubanio.com/view/photo/s_ratio_poster/public/p667644866.jpg,224,8.7,保罗·格林格拉斯 Paul Greengrass,谁说王家卫镜头很晃？
地球上的星星 / Taare Zameen Par / 心中的小星星(台)  /  每一个孩子都是特别的,https://img9.doubanio.com/view/photo/s_ratio_poster/public/p1973489335.jpg,225,8.9,阿米尔·汗 Aamir Khan,天使保护事件始末。
香水 / Perfume: The Story of a Murderer / 香水：一个杀人犯的故事  /  香水：一个谋杀犯的故事,https://img2.doubanio.com/view/photo/s_ratio_poster/public/p2571500223.jpg,226,8.5,汤姆·提克威 Tom Tykwer,一个单凭体香达到高潮的男人。
疯狂的麦克斯4：狂暴之路 / Mad Max: Fury Road / 末日先锋：战甲飞车(港)  /  疯狂麦斯：愤怒道(台),https://img2.doubanio.com/view/photo/s_ratio_poster/public/p2236181653.jpg,227,8.6,乔治·米勒 George Miller,“多么美好的一天！”轰轰轰砰咚，啪哒哒哒轰隆隆，磅~
步履不停 / 歩いても 歩いても / 横山家之味(港 / 台) ,https://img9.doubanio.com/view/photo/s_ratio_poster/public/p926535516.jpg,228,8.8,是枝裕和 Hirokazu Koreeda,日本的家庭电影已经是世界巅峰了，步履不停是巅峰中的佳作。
战争之王 / Lord of War / 军火之王(台 / 港) ,https://img3.doubanio.com/view/photo/s_ratio_poster/public/p792282381.jpg,229,8.7,安德鲁·尼科尔 Andrew Niccol,做一颗让别人需要你的棋子。
彗星来的那一夜 / Coherence / 相干性  /  相干效应,https://img9.doubanio.com/view/photo/s_ratio_poster/public/p2187896734.jpg,230,8.5,詹姆斯·沃德·布柯特 James Ward Byrkit,小成本大魅力。
谍影重重 / The Bourne Identity / 叛谍追击(港)  /  神鬼认证(台),https://img3.doubanio.com/view/photo/s_ratio_poster/public/p1597183981.jpg,231,8.6,道格·里曼 Doug Liman,哗啦啦啦啦，天在下雨，哗啦啦啦啦，云在哭泣……找自己。
波西米亚狂想曲 / Bohemian Rhapsody / 波希米亚狂想曲：摇滚传说(港)  /  波希米亚狂想曲(台),https://img2.doubanio.com/view/photo/s_ratio_poster/public/p2549558913.jpg,232,8.7,布莱恩·辛格 Bryan Singer,该电影没有评论
猜火车 / Trainspotting / 迷幻列车(港)  /  定位的火车,https://img1.doubanio.com/view/photo/s_ratio_poster/public/p513567548.jpg,233,8.5,丹尼·博伊尔 Danny Boyle,不可猜的青春迷笛。 
朗读者 / The Reader / 为爱朗读(台)  /  读爱(港),https://img1.doubanio.com/view/photo/s_ratio_poster/public/p1140984198.jpg,234,8.6,史蒂芬·戴德利 Stephen Daldry,当爱情跨越年龄的界限，它似乎能变得更久远一点，成为一种责任，一种水到渠成的相濡以沫。 
浪潮 / Die Welle / 恶魔教室(台)  /  白恤暴潮(港),https://img2.doubanio.com/view/photo/s_ratio_poster/public/p1344888983.jpg,235,8.7,丹尼斯·甘塞尔 Dennis Gansel,世界离独裁只有五天。
东京物语 / 東京物語 / 东京故事  /  东京纪行,https://img9.doubanio.com/view/photo/s_ratio_poster/public/p1925331564.jpg,236,9.2,小津安二郎 Yasujirô Ozu,东京那么大，如果有一天走失了，恐怕一辈子不能再相见。
再次出发之纽约遇见你 / Begin Again / 再次出发  /  歌曲改变人生,https://img2.doubanio.com/view/photo/s_ratio_poster/public/p2250287733.jpg,237,8.6,约翰·卡尼 John Carney,爱我就给我看你的播放列表。
驴得水 / Mr. Donkey,https://img3.doubanio.com/view/photo/s_ratio_poster/public/p2393044761.jpg,238,8.3,周申 Shen Zhou / 刘露 Lu Liu,过去的如果就让它过去了，未来只会越来越糟！
聚焦 / Spotlight / 焦点追击(港)  /  惊爆焦点(台),https://img1.doubanio.com/view/photo/s_ratio_poster/public/p2263822658.jpg,239,8.8,托马斯·麦卡锡 Thomas McCarthy,新闻人的理性求真。
小萝莉的猴神大叔 / Bajrangi Bhaijaan / 娃娃返乡任务(台)  /  宝莱坞之钢铁奶爸(台),https://img9.doubanio.com/view/photo/s_ratio_poster/public/p2510956726.jpg,240,8.4,卡比尔·汗 Kabir Khan,宝莱坞的萝莉与大叔。
追随 / Following / 跟踪(台)  /  致命追踪,https://img3.doubanio.com/view/photo/s_ratio_poster/public/p2561545031.jpg,241,8.9,克里斯托弗·诺兰 Christopher Nolan,诺兰的牛逼来源于内心散发出的恐惧。
千钧一发 / Gattaca / 变种异煞(港)  /  自然人,https://img9.doubanio.com/view/photo/s_ratio_poster/public/p2195672555.jpg,242,8.8,安德鲁·尼科尔 Andrew Niccol,一部能引人思考的科幻励志片。
我爱你 / 그대를 사랑합니다 / 爱你  /  爱，是一生相伴(台),https://img1.doubanio.com/view/photo/s_ratio_poster/public/p1075591188.jpg,243,9.0,秋昌民 Chang-min Choo,你要相信，这世上真的有爱存在，不管在什么年纪 
黑客帝国2：重装上阵 / The Matrix Reloaded / 22世纪杀人网络2：决战未来(港)  /  骇客任务：重装上阵(台),https://img3.doubanio.com/view/photo/s_ratio_poster/public/p443461390.jpg,244,8.6,Andy Wachowski / Larry Wachowski,一个精彩的世界观正在缓缓建立。
一次别离 / جدایی نادر از سیمین / 伊朗式分居(港)  /  分居风暴(台),https://img9.doubanio.com/view/photo/s_ratio_poster/public/p2189835254.jpg,245,8.7,阿斯哈·法哈蒂  Asghar Farhadi,只有有信仰的人才能说出事实真相。
黑鹰坠落 / Black Hawk Down / 黑鹰15小时(港)  /  黑鹰计划(台),https://img3.doubanio.com/view/photo/s_ratio_poster/public/p1910900710.jpg,246,8.7,雷德利·斯科特 Ridley Scott,还原真实而残酷的战争。
发条橙 / A Clockwork Orange / 发条桔子  /  发条橙子,https://img9.doubanio.com/view/photo/s_ratio_poster/public/p529908155.jpg,247,8.6,Stanley Kubrick,我完全康复了。
网络谜踪 / Searching / 人肉搜寻(港)  /  人肉搜索(台),https://img1.doubanio.com/view/photo/s_ratio_poster/public/p2542848758.jpg,248,8.6,阿尼什·查甘蒂 Aneesh Chaganty,该电影没有评论
四个春天 / Four Springs,https://img1.doubanio.com/view/photo/s_ratio_poster/public/p2540578887.jpg,249,8.9,陆庆屹 Lu Qing Yi,来也匆匆去也匆匆，就这样风雨兼程。
E.T. 外星人 / E.T.: The Extra-Terrestrial / 外星人E.T.  /  外星人,https://img3.doubanio.com/view/photo/s_ratio_poster/public/p984732992.jpg,250,8.6,史蒂文·斯皮尔伯格 Steven Spielberg,生病的E.T.皮肤的颜色就像柿子饼。
name,picture,num,star,director,introduction
肖申克的救赎 / The Shawshank Redemption / 月黑高飞(港)  /  刺激1995(台),https://img3.doubanio.com/view/photo/s_ratio_poster/public/p480747492.jpg,1,9.7,弗兰克·德拉邦特 Frank Darabont,希望让人自由。
霸王别姬 / 再见，我的妾  /  Farewell My Concubine,https://img3.doubanio.com/view/photo/s_ratio_poster/public/p2561716440.jpg,2,9.6,陈凯歌 Kaige Chen,风华绝代。
阿甘正传 / Forrest Gump / 福雷斯特·冈普,https://img2.doubanio.com/view/photo/s_ratio_poster/public/p2372307693.jpg,3,9.5,罗伯特·泽米吉斯 Robert Zemeckis,一部美国近现代史。
这个杀手不太冷 / Léon / 杀手莱昂  /  终极追杀令(台),https://img3.doubanio.com/view/photo/s_ratio_poster/public/p511118051.jpg,4,9.4,吕克·贝松 Luc Besson,怪蜀黍和小萝莉不得不说的故事。
泰坦尼克号 / Titanic / 铁达尼号(港 / 台),https://img9.doubanio.com/view/photo/s_ratio_poster/public/p457760035.jpg,5,9.4,詹姆斯·卡梅隆 James Cameron,失去的才是永恒的。 
美丽人生 / La vita è bella / 一个快乐的传说(港)  /  Life Is Beautiful,https://img2.doubanio.com/view/photo/s_ratio_poster/public/p2578474613.jpg,6,9.5,罗伯托·贝尼尼 Roberto Benigni,最美的谎言。
千与千寻 / 千と千尋の神隠し / 神隐少女(台)  /  千与千寻的神隐,https://img1.doubanio.com/view/photo/s_ratio_poster/public/p2557573348.jpg,7,9.4,宫崎骏 Hayao Miyazaki,最好的宫崎骏，最好的久石让。 
辛德勒的名单 / Schindler's List / 舒特拉的名单(港)  /  辛德勒名单,https://img2.doubanio.com/view/photo/s_ratio_poster/public/p492406163.jpg,8,9.5,史蒂文·斯皮尔伯格 Steven Spielberg,拯救一个人，就是拯救整个世界。
盗梦空间 / Inception / 潜行凶间(港)  /  全面启动(台),https://img2.doubanio.com/view/photo/s_ratio_poster/public/p2616355133.jpg,9,9.3,克里斯托弗·诺兰 Christopher Nolan,诺兰给了我们一场无法盗取的梦。
忠犬八公的故事 / Hachi: A Dog's Tale / 秋田犬八千(港)  /  忠犬小八(台),https://img1.doubanio.com/view/photo/s_ratio_poster/public/p524964039.jpg,10,9.4,莱塞·霍尔斯道姆 Lasse Hallström,永远都不能忘记你所爱的人。
海上钢琴师 / La leggenda del pianista sull'oceano / 声光伴我飞(港)  /  一九零零的传奇,https://img9.doubanio.com/view/photo/s_ratio_poster/public/p2574551676.jpg,11,9.3,朱塞佩·托纳多雷 Giuseppe Tornatore,每个人都要走一条自己坚定了的路，就算是粉身碎骨。 
星际穿越 / Interstellar / 星际启示录(港)  /  星际效应(台),https://img1.doubanio.com/view/photo/s_ratio_poster/public/p2614988097.jpg,12,9.3,克里斯托弗·诺兰 Christopher Nolan,爱是一种力量，让我们超越时空感知它的存在。
楚门的世界 / The Truman Show / 真人Show(港)  /  真人戏,https://img3.doubanio.com/view/photo/s_ratio_poster/public/p479682972.jpg,13,9.3,彼得·威尔 Peter Weir,如果再也不能见到你，祝你早安，午安，晚安。
三傻大闹宝莱坞 / 3 Idiots / 三个傻瓜(台)  /  作死不离3兄弟(港),https://img3.doubanio.com/view/photo/s_ratio_poster/public/p579729551.jpg,14,9.2,拉库马·希拉尼 Rajkumar Hirani,英俊版憨豆，高情商版谢耳朵。
机器人总动员 / WALL·E / 太空奇兵·威E(港)  /  瓦力(台),https://img3.doubanio.com/view/photo/s_ratio_poster/public/p1461851991.jpg,15,9.3,安德鲁·斯坦顿 Andrew Stanton,小瓦力，大人生。
放牛班的春天 / Les choristes / 歌声伴我心(港)  /  唱诗班男孩,https://img3.doubanio.com/view/photo/s_ratio_poster/public/p1910824951.jpg,16,9.3,克里斯托夫·巴拉蒂 Christophe Barratier,天籁一般的童声，是最接近上帝的存在。 
大话西游之大圣娶亲 / 西遊記大結局之仙履奇緣 / 西游记完结篇仙履奇缘  /  齐天大圣西游记,https://img9.doubanio.com/view/photo/s_ratio_poster/public/p2455050536.jpg,17,9.2,刘镇伟 Jeffrey Lau,一生所爱。
熔炉 / 도가니 / 无声呐喊(港)  /  漩涡,https://img9.doubanio.com/view/photo/s_ratio_poster/public/p1363250216.jpg,18,9.3,黄东赫 Dong-hyuk Hwang,我们一路奋战不是为了改变世界，而是为了不让世界改变我们。
疯狂动物城 / Zootopia / 优兽大都会(港)  /  动物方城市(台),https://img1.doubanio.com/view/photo/s_ratio_poster/public/p2614500649.jpg,19,9.2,拜伦·霍华德 Byron Howard / 瑞奇·摩尔 Rich Moore,迪士尼给我们营造的乌托邦就是这样，永远善良勇敢，永远出乎意料。
无间道 / 無間道 / Infernal Affairs  /  Mou gaan dou,https://img2.doubanio.com/view/photo/s_ratio_poster/public/p2564556863.jpg,20,9.2,刘伟强 / 麦兆辉,香港电影史上永不过时的杰作。
教父 / The Godfather / Mario Puzo's The Godfather,https://img9.doubanio.com/view/photo/s_ratio_poster/public/p616779645.jpg,21,9.3,弗朗西斯·福特·科波拉 Francis Ford Coppola,千万不要记恨你的对手，这样会让你失去理智。
龙猫 / となりのトトロ / 邻居托托罗  /  邻家的豆豆龙,https://img9.doubanio.com/view/photo/s_ratio_poster/public/p2540924496.jpg,22,9.2,宫崎骏 Hayao Miyazaki,人人心中都有个龙猫，童年就永远不会消失。
当幸福来敲门 / The Pursuit of Happyness / 寻找快乐的故事(港)  /  追求快乐,https://img9.doubanio.com/view/photo/s_ratio_poster/public/p2614359276.jpg,23,9.1,加布里尔·穆奇诺 Gabriele Muccino,平民励志片。 
怦然心动 / Flipped / 萌动青春  /  青春萌动,https://img1.doubanio.com/view/photo/s_ratio_poster/public/p501177648.jpg,24,9.1,罗伯·莱纳 Rob Reiner,真正的幸福是来自内心深处。
触不可及 / Intouchables / 闪亮人生(港)  /  逆转人生(台),https://img9.doubanio.com/view/photo/s_ratio_poster/public/p1454261925.jpg,25,9.2,奥利维·那卡什 Olivier Nakache / 艾力克·托兰达 Eric Toledano,满满温情的高雅喜剧。
控方证人 / Witness for the Prosecution / 雄才伟略  /  情妇,https://img1.doubanio.com/view/photo/s_ratio_poster/public/p1505392928.jpg,26,9.6,比利·怀尔德 Billy Wilder,比利·怀德满分作品。
蝙蝠侠：黑暗骑士 / The Dark Knight / 蝙蝠侠前传2：黑暗骑士  /  黑暗骑士(台),https://img2.doubanio.com/view/photo/s_ratio_poster/public/p462657443.jpg,27,9.2,克里斯托弗·诺兰 Christopher Nolan,无尽的黑暗。
活着 / 人生  /  Lifetimes,https://img3.doubanio.com/view/photo/s_ratio_poster/public/p2513253791.jpg,28,9.3,张艺谋 Yimou Zhang,张艺谋最好的电影。
末代皇帝 / The Last Emperor / 末代皇帝溥仪(港),https://img2.doubanio.com/view/photo/s_ratio_poster/public/p452089833.jpg,29,9.3,贝纳尔多·贝托鲁奇 Bernardo Bertolucci,“不要跟我比惨，我比你更惨”再适合这部电影不过了。
寻梦环游记 / Coco / 玩转极乐园(港)  /  可可夜总会(台),https://img9.doubanio.com/view/photo/s_ratio_poster/public/p2614500706.jpg,30,9.1,李·昂克里奇 Lee Unkrich / 阿德里安·莫利纳 Adrian Molina,死亡不是真的逝去，遗忘才是永恒的消亡。
乱世佳人 / Gone with the Wind / 飘,https://img3.doubanio.com/view/photo/s_ratio_poster/public/p1963126880.jpg,31,9.3,维克多·弗莱明 Victor Fleming / 乔治·库克 George Cukor,Tomorrow is another day.
何以为家 / كفرناحوم / 迦百农  /  星仔打官司(港),https://img1.doubanio.com/view/photo/s_ratio_poster/public/p2555295759.jpg,32,9.1,娜丁·拉巴基 Nadine Labaki,凝视卑弱生命，用电影改变命运。
指环王3：王者无敌 / The Lord of the Rings: The Return of the King / 魔戒三部曲：王者再临(台 / 港) ,https://img2.doubanio.com/view/photo/s_ratio_poster/public/p1910825503.jpg,33,9.2,彼得·杰克逊 Peter Jackson,史诗的终章。
摔跤吧！爸爸 / Dangal / 我和我的冠军女儿(台)  /  打死不离3父女(港),https://img9.doubanio.com/view/photo/s_ratio_poster/public/p2457983084.jpg,34,9.0,涅提·蒂瓦里 Nitesh Tiwari,你不是在为你一个人战斗，你要让千千万万的女性看到女生并不是只能相夫教子。
飞屋环游记 / Up / 冲天救兵(港)  /  天外奇迹(台),https://img9.doubanio.com/view/photo/s_ratio_poster/public/p485887754.jpg,35,9.0,彼特·道格特 Pete Docter / 鲍勃·彼德森 Bob Peterson,最后那些最无聊的事情，才是最值得怀念的。 
少年派的奇幻漂流 / Life of Pi / 少年Pi的奇幻漂流  /  漂流少年Pi,https://img3.doubanio.com/view/photo/s_ratio_poster/public/p1784592701.jpg,36,9.1,李安 Ang Lee,瑰丽壮观、无人能及的冒险之旅。
十二怒汉 / 12 Angry Men / 12怒汉  /  十二怒汉,https://img3.doubanio.com/view/photo/s_ratio_poster/public/p2173577632.jpg,37,9.4,Sidney Lumet,1957年的理想主义。 
哈利·波特与魔法石 / Harry Potter and the Sorcerer's Stone / 哈利波特1：神秘的魔法石(港 / 台) ,https://img9.doubanio.com/view/photo/s_ratio_poster/public/p2614949805.jpg,38,9.1,Chris Columbus,童话世界的开端。
素媛 / 소원 / 许愿  /  希望：为爱重生(台),https://img9.doubanio.com/view/photo/s_ratio_poster/public/p2118532944.jpg,39,9.3,李濬益 Jun-ik Lee,受过伤害的人总是笑得最开心，因为他们不愿意让身边的人承受一样的痛苦。
鬼子来了 / Devils on the Doorstep,https://img1.doubanio.com/view/photo/s_ratio_poster/public/p2553104888.jpg,40,9.3,姜文 Wen Jiang,对敌人的仁慈，就是对自己残忍。
哈尔的移动城堡 / ハウルの動く城 / 哈尔移动城堡(港)  /  霍尔的移动城堡(台),https://img3.doubanio.com/view/photo/s_ratio_poster/public/p2174346180.jpg,41,9.1,宫崎骏 Hayao Miyazaki,带着心爱的人在天空飞翔。
天空之城 / 天空の城ラピュタ / Tenkû no shiro Rapyuta  /  Laputa: Castle in the Sky,https://img1.doubanio.com/view/photo/s_ratio_poster/public/p1446261379.jpg,42,9.1,宫崎骏 Hayao Miyazaki,对天空的追逐，永不停止。 
大话西游之月光宝盒 / 西遊記第壹佰零壹回之月光寶盒 / 西游记101回月光宝盒  /  齐天大圣东游记,https://img3.doubanio.com/view/photo/s_ratio_poster/public/p2561721372.jpg,43,9.0,刘镇伟 Jeffrey Lau,旷古烁今。
罗马假日 / Roman Holiday / 金枝玉叶(港)  /  罗马假期(台),https://img9.doubanio.com/view/photo/s_ratio_poster/public/p2189265085.jpg,44,9.0,威廉·惠勒 William Wyler,爱情哪怕只有一天。
天堂电影院 / Nuovo Cinema Paradiso / 星光伴我心(港)  /  新天堂乐园(台),https://img1.doubanio.com/view/photo/s_ratio_poster/public/p2559577569.jpg,45,9.2,朱塞佩·托纳多雷 Giuseppe Tornatore,那些吻戏，那些青春，都在影院的黑暗里被泪水冲刷得无比清晰。
我不是药神 / 中国药神  /  印度药神,https://img9.doubanio.com/view/photo/s_ratio_poster/public/p2561305376.jpg,46,9.0,文牧野 Muye Wen,对我们国家而言，这样的电影多一部是一部。
闻香识女人 / Scent of a Woman / 女人香  /  女人的芳香,https://img1.doubanio.com/view/photo/s_ratio_poster/public/p2550757929.jpg,47,9.1,马丁·布莱斯 Martin Brest,史上最美的探戈。
辩护人 / 변호인 / 逆权大状(港)  /  正义辩护人(台),https://img9.doubanio.com/view/photo/s_ratio_poster/public/p2158166535.jpg,48,9.2,杨宇硕 Woo-seok Yang,电影的现实意义大过电影本身。
搏击俱乐部 / Fight Club / 搏击会(港)  /  斗阵俱乐部(台),https://img1.doubanio.com/view/photo/s_ratio_poster/public/p1910926158.jpg,49,9.0,大卫·芬奇 David Fincher,邪恶与平庸蛰伏于同一个母体，在特定的时间互相对峙。
教父2 / The Godfather: Part Ⅱ / 教父续集(港)  /  教父II,https://img1.doubanio.com/view/photo/s_ratio_poster/public/p2194138787.jpg,50,9.2,弗朗西斯·福特·科波拉 Francis Ford Coppola,优雅的孤独。
大闹天宫 / 大闹天宫 上下集  /  The Monkey King,https://img1.doubanio.com/view/photo/s_ratio_poster/public/p2184505167.jpg,51,9.3,万籁鸣 Laiming Wan / 唐澄 Cheng  Tang,经典之作，历久弥新。
狮子王 / The Lion King / 狮子王3D,https://img1.doubanio.com/view/photo/s_ratio_poster/public/p2277799019.jpg,52,9.0,Roger Allers / 罗伯·明可夫 Rob Minkoff,动物版《哈姆雷特》。
死亡诗社 / Dead Poets Society / 暴雨骄阳(港)  /  春风化雨(台),https://img3.doubanio.com/view/photo/s_ratio_poster/public/p2575465690.jpg,53,9.1,彼得·威尔 Peter Weir,当一个死水般的体制内出现一个活跃的变数时，所有的腐臭都站在了光明的对面。
指环王2：双塔奇兵 / The Lord of the Rings: The Two Towers / 魔戒二部曲：双城奇谋  /  指环王II：双塔,https://img9.doubanio.com/view/photo/s_ratio_poster/public/p909265336.jpg,54,9.1,彼得·杰克逊 Peter Jackson,承前启后的史诗篇章。
猫鼠游戏 / Catch Me If You Can / 逍遥法外  /  神鬼交锋(台),https://img3.doubanio.com/view/photo/s_ratio_poster/public/p453924541.jpg,55,9.0,史蒂文·斯皮尔伯格 Steven Spielberg,骗子大师和执著警探的你追我跑故事。 
钢琴家 / The Pianist / 钢琴战曲(港)  /  战地琴人(台),https://img2.doubanio.com/view/photo/s_ratio_poster/public/p792376093.jpg,56,9.2,罗曼·波兰斯基 Roman Polanski,音乐能化解仇恨。
窃听风暴 / Das Leben der Anderen / 窃听者(港)  /  他人的生活,https://img1.doubanio.com/view/photo/s_ratio_poster/public/p1808872109.jpg,57,9.1,导演: 弗洛里安·亨克尔·冯·多纳斯马尔克 Florian Henckel von Donnersmarck&n,别样人生。
指环王1：魔戒再现 / The Lord of the Rings: The Fellowship of the Ring / 魔戒首部曲：魔戒现身  /  指环王I：护戒使者,https://img3.doubanio.com/view/photo/s_ratio_poster/public/p1354436051.jpg,58,9.0,彼得·杰克逊 Peter Jackson,传说的开始。
黑客帝国 / The Matrix / 22世纪杀人网络(港)  /  廿二世纪杀人网络(港),https://img1.doubanio.com/view/photo/s_ratio_poster/public/p451926968.jpg,59,9.0,安迪·沃卓斯基 Andy Wachowski / 拉娜·沃卓斯基 Lana Wachowski,视觉革命。
美丽心灵 / A Beautiful Mind / 有你终生美丽(港)  /  美丽境界(台),https://img3.doubanio.com/view/photo/s_ratio_poster/public/p1665997400.jpg,60,9.0,朗·霍华德 Ron Howard,爱是一切逻辑和原由。
饮食男女 / 飲食男女 / Eat Drink Man Woman,https://img3.doubanio.com/view/photo/s_ratio_poster/public/p1910899751.jpg,61,9.1,李安 Ang Lee,人生不能像做菜，把所有的料都准备好了才下锅。
"两杆大烟枪 / Lock, Stock and Two Smoking Barrels / 够姜四小强(港)  /  两根枪管(台)",https://img1.doubanio.com/view/photo/s_ratio_poster/public/p792443418.jpg,62,9.1,Guy Ritchie,4个臭皮匠顶个诸葛亮，盖·里奇果然不是盖的。
飞越疯人院 / One Flew Over the Cuckoo's Nest / 飞越杜鹃窝(台)  /  飞越喜鹊巢,https://img1.doubanio.com/view/photo/s_ratio_poster/public/p792238287.jpg,63,9.1,米洛斯·福尔曼 Miloš Forman,自由万岁。
让子弹飞 / 让子弹飞一会儿  /  火烧云,https://img1.doubanio.com/view/photo/s_ratio_poster/public/p1512562287.jpg,64,8.8,姜文 Wen Jiang,你给我翻译翻译，神马叫做TMD的惊喜。
本杰明·巴顿奇事 / The Curious Case of Benjamin Button / 奇幻逆缘(港)  /  班杰明的奇幻旅程(台),https://img3.doubanio.com/view/photo/s_ratio_poster/public/p2192535722.jpg,65,8.9,大卫·芬奇 David Fincher,在时间之河里感受溺水之苦。
绿皮书 / Green Book / 绿簿旅友(港)  /  幸福绿皮书(台),https://img3.doubanio.com/view/photo/s_ratio_poster/public/p2549177902.jpg,66,8.9,彼得·法雷里 Peter Farrelly,去除成见，需要勇气。
看不见的客人 / Contratiempo / 死无对证(港)  /  布局(台),https://img9.doubanio.com/view/photo/s_ratio_poster/public/p2498971355.jpg,67,8.8,奥里奥尔·保罗 Oriol Paulo,你以为你以为的就是你以为的。
西西里的美丽传说 / Malèna / 真爱伴我行(台)  /  玛莲娜,https://img9.doubanio.com/view/photo/s_ratio_poster/public/p2448029416.jpg,68,8.9,朱塞佩·托纳多雷 Giuseppe Tornatore,美丽无罪。
海蒂和爷爷 / Heidi / 飘零燕(港)  /  海蒂,https://img9.doubanio.com/view/photo/s_ratio_poster/public/p2554525534.jpg,69,9.2,阿兰·葛斯彭纳 Alain Gsponer,如果生活中有什么使你感到快乐，那就去做吧！不要管别人说什么。
拯救大兵瑞恩 / Saving Private Ryan / 雷霆救兵(港)  /  抢救雷恩大兵(台),https://img9.doubanio.com/view/photo/s_ratio_poster/public/p1014542496.jpg,70,9.0,史蒂文·斯皮尔伯格 Steven Spielberg,美利坚精神输出大片No1.
小鞋子 / بچههای آسمان / 天堂的孩子  /  小童鞋,https://img9.doubanio.com/view/photo/s_ratio_poster/public/p2173580536.jpg,71,9.2,马基德·马基迪 Majid Majidi,奔跑的孩子是天使。
穿条纹睡衣的男孩 / The Boy in the Striped Pajamas / 穿条纹衣服的男孩  /  穿条纹衣的男孩,https://img3.doubanio.com/view/photo/s_ratio_poster/public/p1473670352.jpg,72,9.1,马克·赫尔曼 Mark Herman,尽管有些不切实际的幻想，这部电影依旧是一部感人肺腑的佳作。
情书 / Love Letter / When I Close My Eyes  /  Letters of Love,https://img1.doubanio.com/view/photo/s_ratio_poster/public/p449897379.jpg,73,8.9,岩井俊二 Shunji Iwai,暗恋的极致。
海豚湾 / The Cove / 血色海湾(台)  /  海湾,https://img1.doubanio.com/view/photo/s_ratio_poster/public/p2559579779.jpg,74,9.3,路易·西霍尤斯 Louie Psihoyos,海豚的微笑，是世界上最高明的伪装。
音乐之声 / The Sound of Music / 仙乐飘飘处处闻(港)  /  真善美(台),https://img1.doubanio.com/view/photo/s_ratio_poster/public/p453788577.jpg,75,9.0,罗伯特·怀斯 Robert Wise,用音乐化解仇恨，让歌声串起美好。
美国往事 / Once Upon a Time in America / 四海兄弟(台)  /  义薄云天(港),https://img1.doubanio.com/view/photo/s_ratio_poster/public/p477229647.jpg,76,9.2,赛尔乔·莱翁内 Sergio Leone,往事如烟，无处祭奠。
致命魔术 / The Prestige / 顶尖对决(台)  /  死亡魔法(港),https://img9.doubanio.com/view/photo/s_ratio_poster/public/p480383375.jpg,77,8.9,克里斯托弗·诺兰 Christopher Nolan,孪生蝙蝠侠大战克隆金刚狼。
低俗小说 / Pulp Fiction / 危险人物(港)  /  黑色追缉令(台),https://img2.doubanio.com/view/photo/s_ratio_poster/public/p1910902213.jpg,78,8.9,昆汀·塔伦蒂诺 Quentin Tarantino,故事的高级讲法。
沉默的羔羊 / The Silence of the Lambs / 沉默的羔羊,https://img1.doubanio.com/view/photo/s_ratio_poster/public/p1593414327.jpg,79,8.8,乔纳森·戴米 Jonathan Demme,安东尼·霍普金斯的顶级表演。
七宗罪 / Se7en / 火线追缉令(台)  /  7宗罪,https://img9.doubanio.com/view/photo/s_ratio_poster/public/p2219586434.jpg,80,8.8,大卫·芬奇 David Fincher,警察抓小偷，老鼠玩死猫。
蝴蝶效应 / The Butterfly Effect / 蝴蝶效应,https://img1.doubanio.com/view/photo/s_ratio_poster/public/p2209066019.jpg,81,8.8,埃里克·布雷斯 Eric Bress / J·麦基·格鲁伯 J. Mackye Gruber,人的命运被自己瞬间的抉择改变。
禁闭岛 / Shutter Island / 不赦岛(港)  /  隔离岛(台),https://img1.doubanio.com/view/photo/s_ratio_poster/public/p1832875827.jpg,82,8.8,Martin Scorsese,昔日翩翩少年，今日大腹便便。
心灵捕手 / Good Will Hunting / 骄阳似我(港)  /  心灵捕手,https://img9.doubanio.com/view/photo/s_ratio_poster/public/p480965695.jpg,83,8.9,格斯·范·桑特 Gus Van Sant,人生中应该拥有这样的一段豁然开朗。
布达佩斯大饭店 / The Grand Budapest Hotel / 布达佩斯大酒店(港)  /  欢迎来到布达佩斯大饭店(台),https://img2.doubanio.com/view/photo/s_ratio_poster/public/p2178872593.jpg,84,8.8,韦斯·安德森 Wes Anderson,小清新的故事里注入了大历史的情怀。
春光乍泄 / 春光乍洩 / 一起快乐  /  Happy Together,https://img3.doubanio.com/view/photo/s_ratio_poster/public/p465939041.jpg,85,8.9,王家卫 Kar Wai Wong,爱情纠缠，男女一致。
被嫌弃的松子的一生 / 嫌われ松子の一生 / 花样奇缘(港)  /  令人讨厌的松子的一生(台),https://img9.doubanio.com/view/photo/s_ratio_poster/public/p884763596.jpg,86,8.9,中岛哲也 Tetsuya Nakashima,以戏谑来戏谑戏谑。
摩登时代 / Modern Times / The Masses  /  Les Temps modernes,https://img1.doubanio.com/view/photo/s_ratio_poster/public/p2263408369.jpg,87,9.3,查理·卓别林 Charles Chaplin,大时代中的人生，小人物的悲喜。
阿凡达 / Avatar / 天神下凡(港)  /  化身,https://img1.doubanio.com/view/photo/s_ratio_poster/public/p2180085848.jpg,88,8.7,詹姆斯·卡梅隆 James Cameron,绝对意义上的美轮美奂。
剪刀手爱德华 / Edward Scissorhands / 幻海奇缘(港)  /  剪刀手爱德华,https://img1.doubanio.com/view/photo/s_ratio_poster/public/p480956937.jpg,89,8.7,蒂姆·波顿 Tim Burton,浪漫忧郁的成人童话。
勇敢的心 / Braveheart / 惊世未了缘(港)  /  梅尔吉勃逊之英雄本色(台),https://img1.doubanio.com/view/photo/s_ratio_poster/public/p2004174709.jpg,90,8.9,梅尔·吉布森 Mel Gibson,史诗大片的典范。
哈利·波特与死亡圣器(下) / Harry Potter and the Deathly Hallows: Part 2 / 哈利波特7：死神的圣物2(港 / 台) ,https://img2.doubanio.com/view/photo/s_ratio_poster/public/p917846733.jpg,91,8.9,大卫·叶茨 David Yates,10年的完美句点。
喜剧之王 / 喜劇之王 / King of Comedy,https://img1.doubanio.com/view/photo/s_ratio_poster/public/p2579932167.jpg,92,8.8,周星驰 Stephen Chow / 李力持 Lik-Chi Lee,我是一个演员。
致命ID / Identity / 杀人游戏  /  致命身份,https://img9.doubanio.com/view/photo/s_ratio_poster/public/p2558364386.jpg,93,8.8,詹姆斯·曼高德 James Mangold,最不可能的那个人永远是最可能的。
加勒比海盗 / Pirates of the Caribbean: The Curse of the Black Pearl / 加勒比海盗1：黑珍珠号的诅咒  /  神鬼奇航：鬼盗船魔咒(台),https://img9.doubanio.com/view/photo/s_ratio_poster/public/p1596085504.jpg,94,8.8,戈尔·维宾斯基 Gore Verbinski,约翰尼·德普的独角戏。
天使爱美丽 / Le fabuleux destin d'Amélie Poulain / 艾蜜莉的异想世界(台)  /  天使艾米莉,https://img2.doubanio.com/view/photo/s_ratio_poster/public/p2447590313.jpg,95,8.7,让-皮埃尔·热内 Jean-Pierre Jeunet,法式小清新。 
杀人回忆 / 살인의 추억 / 谋杀回忆  /  杀手回忆录,https://img3.doubanio.com/view/photo/s_ratio_poster/public/p657823840.jpg,96,8.8,奉俊昊 Joon-ho Bong,关于连环杀人悬案的集体回忆。
狩猎 / Jagten / 诬网(港)  /  谎言的烙印(台),https://img1.doubanio.com/view/photo/s_ratio_poster/public/p1546987967.jpg,97,9.1,托马斯·温特伯格 Thomas Vinterberg,人言可畏。
断背山 / Brokeback Mountain / 断臂山  /  BBM,https://img1.doubanio.com/view/photo/s_ratio_poster/public/p2514704949.jpg,98,8.8,李安 Ang Lee,每个人心中都有一座断背山。
请以你的名字呼唤我 / Call Me by Your Name / 以你的名字呼唤我(港 / 台) ,https://img3.doubanio.com/view/photo/s_ratio_poster/public/p2505525050.jpg,99,8.9,卢卡·瓜达尼诺 Luca Guadagnino,沉醉在电影的情感和视听氛围中无法自拔。
7号房的礼物 / 7번방의 선물 / 戆爸的礼物(港)  /  7号囚房的礼物,https://img9.doubanio.com/view/photo/s_ratio_poster/public/p1816276065.jpg,100,8.9,李焕庆 Hwan-kyeong Lee,《我是山姆》的《美丽人生》。
幽灵公主 / もののけ姫 / 魔法公主(台)  /  幽灵少女,https://img9.doubanio.com/view/photo/s_ratio_poster/public/p1613191025.jpg,101,8.9,宫崎骏 Hayao Miyazaki,人与自然的战争史诗。
小森林 夏秋篇 / リトル・フォレスト 夏・秋 / 小森食光 / 夏秋篇(台) ,https://img2.doubanio.com/view/photo/s_ratio_poster/public/p2564498893.jpg,102,9.0,森淳一 Junichi Mori,那些静得只能听见呼吸的日子里，你明白孤独即生活。
阳光灿烂的日子 / In the Heat of the Sun,https://img9.doubanio.com/view/photo/s_ratio_poster/public/p2564685215.jpg,103,8.8,姜文 Wen Jiang,一场华丽的意淫。
红辣椒 / パプリカ / 盗梦侦探(港 / 台) ,https://img3.doubanio.com/view/photo/s_ratio_poster/public/p456825720.jpg,104,9.0,今敏 Satoshi Kon,梦的勾结。
第六感 / The Sixth Sense / 鬼眼(港)  /  灵异第六感(台),https://img9.doubanio.com/view/photo/s_ratio_poster/public/p2220184425.jpg,105,8.9,M·奈特·沙马兰 M. Night Shyamalan,深入内心的恐怖，出人意料的结局。
重庆森林 / 重慶森林 / Chungking Express,https://img3.doubanio.com/view/photo/s_ratio_poster/public/p792381411.jpg,106,8.7,王家卫 Kar Wai Wong,寂寞没有期限。
入殓师 / おくりびと / 礼仪师之奏鸣曲(港)  /  礼仪师(台),https://img1.doubanio.com/view/photo/s_ratio_poster/public/p1583839859.jpg,107,8.8,泷田洋二郎 Yôjirô Takita,死可能是一道门，逝去并不是终结，而是超越，走向下一程。
小森林 冬春篇 / リトル・フォレスト 冬・春 / 小森食光 / 冬春篇(台) ,https://img1.doubanio.com/view/photo/s_ratio_poster/public/p2215147728.jpg,108,9.0,森淳一 Junichi Mori,尊敬他人，尊敬你生活的这片土地，明白孤独是人生的常态。
消失的爱人 / Gone Girl / 失踪的女孩  /  失踪女孩,https://img9.doubanio.com/view/photo/s_ratio_poster/public/p2221768894.jpg,109,8.7,大卫·芬奇 David Fincher,年度最佳date movie。
爱在黎明破晓前 / Before Sunrise / 情留半天(港)  /  爱在黎明破晓时(台),https://img9.doubanio.com/view/photo/s_ratio_poster/public/p2555762374.jpg,110,8.8,理查德·林克莱特 Richard Linklater,缘分是个连绵词，最美不过一瞬。
一一 / Yi yi  /  Yi yi: A One and a Two,https://img2.doubanio.com/view/photo/s_ratio_poster/public/p2567845803.jpg,111,9.0,杨德昌 Edward Yang,我们都曾经是一一。
唐伯虎点秋香 / 唐伯虎點秋香 / Flirting Scholar,https://img9.doubanio.com/view/photo/s_ratio_poster/public/p2357915564.jpg,112,8.6,李力持 Lik-Chi Lee,华太师是黄霑，吴镇宇四大才子之一。
蝙蝠侠：黑暗骑士崛起 / The Dark Knight Rises / 蝙蝠侠前传3：黑暗骑士崛起  /  黑暗骑士：黎明升起(台),https://img9.doubanio.com/view/photo/s_ratio_poster/public/p1706428744.jpg,113,8.8,克里斯托弗·诺兰 Christopher Nolan,诺兰就是保证。
侧耳倾听 / 耳をすませば / 心之谷(台)  /  梦幻街少女(港),https://img3.doubanio.com/view/photo/s_ratio_poster/public/p456692072.jpg,114,8.9,近藤喜文 Yoshifumi Kondo,少女情怀总是诗。
超脱 / Detachment / 人间师格(台),https://img3.doubanio.com/view/photo/s_ratio_poster/public/p1305562621.jpg,115,8.9,托尼·凯耶 Tony Kaye,穷尽一生，我们要学会的，不过是彼此拥抱。
倩女幽魂 / 倩女幽魂(87版)  /  倩女幽魂：妖魔道,https://img9.doubanio.com/view/photo/s_ratio_poster/public/p2414157745.jpg,116,8.7,程小东 Siu-Tung Ching,两张绝世的脸。 
玛丽和马克思 / Mary and Max / 巧克力情缘(台)  /  同是天涯寂寞客,https://img9.doubanio.com/view/photo/s_ratio_poster/public/p2162822165.jpg,117,8.9,亚当·艾略特 Adam Elliot,你是我最好的朋友，你是我唯一的朋友 。
无人知晓 / 誰も知らない / 谁知赤子心(港)  /  无人知晓的夏日清晨(台),https://img2.doubanio.com/view/photo/s_ratio_poster/public/p661160053.jpg,118,9.1,是枝裕和 Hirokazu Koreeda,我的平常生活就是他人的幸福。
超能陆战队 / Big Hero 6 / 大英雄联盟(港)  /  大英雄天团(台),https://img2.doubanio.com/view/photo/s_ratio_poster/public/p2614500883.jpg,119,8.7,唐·霍尔 Don Hall / 克里斯·威廉姆斯 Chris Williams,Balalala~~~
菊次郎的夏天 / 菊次郎の夏 / 菊次郎之夏  /  Kikujirô no natsu,https://img9.doubanio.com/view/photo/s_ratio_poster/public/p2620392435.jpg,120,8.8,北野武 Takeshi Kitano,从没见过那么流氓的温柔，从没见过那么温柔的流氓。
甜蜜蜜 / Comrades: Almost a Love Story,https://img9.doubanio.com/view/photo/s_ratio_poster/public/p2223011274.jpg,121,8.8,陈可辛 Peter Chan,相逢只要一瞬间，等待却像是一辈子。
萤火之森 / 蛍火の杜へ / 萤火之社  /  Hotarubi no mori e,https://img2.doubanio.com/view/photo/s_ratio_poster/public/p1675053073.jpg,122,8.9,大森贵弘 Takahiro Omori,触不到的恋人。
告白 / 自白  /  母亲,https://img9.doubanio.com/view/photo/s_ratio_poster/public/p689520756.jpg,123,8.7,中岛哲也 Tetsuya Nakashima,没有一人完全善，也没有一人完全恶。
大鱼 / Big Fish / 大鱼奇缘(港)  /  大智若鱼(台),https://img9.doubanio.com/view/photo/s_ratio_poster/public/p692813374.jpg,124,8.8,蒂姆·波顿 Tim Burton,抱着梦想而活着的人是幸福的，怀抱梦想而死去的人是不朽的。
借东西的小人阿莉埃蒂 / 借りぐらしのアリエッティ / 借物少女艾莉缇(台)  /  借东西的小矮人亚莉亚蒂(港),https://img9.doubanio.com/view/photo/s_ratio_poster/public/p617533616.jpg,125,8.8,米林宏昌 Hiromasa Yonebayashi,曾经的那段美好会沉淀为一辈子的记忆。
阳光姐妹淘 / 써니 / 阳光姊妹淘(港)  /  桑尼,https://img1.doubanio.com/view/photo/s_ratio_poster/public/p1374786017.jpg,126,8.8,姜炯哲 Hyeong-Cheol Kang,再多各自牛逼的时光，也比不上一起傻逼的岁月。 
驯龙高手 / How to Train Your Dragon / 驯龙记(港),https://img9.doubanio.com/view/photo/s_ratio_poster/public/p2210954024.jpg,127,8.7,迪恩·德布洛斯 Dean DeBlois / 克里斯·桑德斯 Chris Sanders,和谐的生活离不开摸头与被摸头。
射雕英雄传之东成西就 / 射鵰英雄傳之東成西就 / 东成西就  /  大英雄 (日本),https://img9.doubanio.com/view/photo/s_ratio_poster/public/p2609063925.jpg,128,8.7,刘镇伟 Jeffrey Lau,百看不厌。 
幸福终点站 / The Terminal / 机场客运站(港)  /  航站情缘(台),https://img1.doubanio.com/view/photo/s_ratio_poster/public/p854757687.jpg,129,8.8,史蒂文·斯皮尔伯格 Steven Spielberg,有时候幸福需要等一等。 
爱在日落黄昏时 / Before Sunset / 日落巴黎(港)  /  爱在日落巴黎时(台),https://img1.doubanio.com/view/photo/s_ratio_poster/public/p2561542458.jpg,130,8.8,理查德·林克莱特 Richard Linklater,九年后的重逢是世俗和责任的交叠，没了悸动和青涩，沧桑而温暖。
功夫 / 功夫3D  /  Kung Fu Hustle,https://img1.doubanio.com/view/photo/s_ratio_poster/public/p2219011938.jpg,131,8.6,周星驰 Stephen Chow,警恶惩奸，维护世界和平这个任务就交给你了，好吗？
恐怖直播 / 더 테러 라이브 / 死亡“动”新闻(港)  /  恐怖攻击直播(台),https://img9.doubanio.com/view/photo/s_ratio_poster/public/p2016930906.jpg,132,8.8,金秉祐 Byeong-woo Kim,恐怖分子的“秋菊打官司”。
完美的世界 / A Perfect World / 强盗保镳,https://img1.doubanio.com/view/photo/s_ratio_poster/public/p2190556408.jpg,133,9.1,克林特·伊斯特伍德 Clint Eastwood,坏人的好总是比好人的好来得更感人。
人生果实 / 人生フルーツ / 积存时间的生活(台)  /  人生水果,https://img3.doubanio.com/view/photo/s_ratio_poster/public/p2544912792.jpg,134,9.5,伏原健之 Kenshi Fushihara,土壤没有落叶不会肥沃，没有了你就不算人生。
神偷奶爸 / Despicable Me / 卑鄙的我  /  坏蛋奖门人(港),https://img1.doubanio.com/view/photo/s_ratio_poster/public/p792776858.jpg,135,8.6,皮艾尔·柯芬 Pierre Coffin / 克里斯·雷纳德 Chris Renaud,Mr. I Don't Care其实也有Care的时候。
"怪兽电力公司 / Monsters, Inc. / 怪兽公司(港)  /  怪物公司",https://img1.doubanio.com/view/photo/s_ratio_poster/public/p2513247938.jpg,136,8.7,彼特·道格特 Pete Docter / 大卫·斯沃曼 David Silverman,不要给它起名字，起了名字就有感情了。
玩具总动员3 / Toy Story 3 / 反斗奇兵3(港)  /  玩具的故事3,https://img1.doubanio.com/view/photo/s_ratio_poster/public/p1283675359.jpg,137,8.8,李·昂克里奇 Lee Unkrich,跨度十五年的欢乐与泪水。
天书奇谭 / The Legend of Sealed Book  /  Secrets of the Heavenly Book,https://img1.doubanio.com/view/photo/s_ratio_poster/public/p2515539487.jpg,138,9.2,王树忱 Shuchen Wang / 钱运达 Yunda Qian,传奇的年代，醉人的童话。
傲慢与偏见 / Pride & Prejudice / 傲慢与偏见2005  /  Pride And Prejudice,https://img1.doubanio.com/view/photo/s_ratio_poster/public/p2016401659.jpg,139,8.6,乔·怀特 Joe Wright,爱是摈弃傲慢与偏见之后的曙光。
血战钢锯岭 / Hacksaw Ridge / 钢锯岭  /  钢铁英雄(台),https://img1.doubanio.com/view/photo/s_ratio_poster/public/p2398141939.jpg,140,8.7,梅尔·吉布森 Mel Gibson,优秀的战争片不会美化战场，不会粉饰死亡，不会矮化敌人，不会无视常识，最重要的，不会宣扬战争。
哈利·波特与阿兹卡班的囚徒 / Harry Potter and the Prisoner of Azkaban / 哈利波特3：阿兹卡班的逃犯(港 / 台) ,https://img1.doubanio.com/view/photo/s_ratio_poster/public/p1910812549.jpg,141,8.7,Alfonso Cuarón,不一样的导演，不一样的哈利·波特。
教父3 / The Godfather: Part III / 教父第三集  /  教父 III,https://img3.doubanio.com/view/photo/s_ratio_poster/public/p2169664351.jpg,142,8.9,弗朗西斯·福特·科波拉 Francis Ford Coppola,任何信念的力量，都无法改变命运。
时空恋旅人 / About Time / 时空旅恋人  /  回到最爱的一天(港),https://img9.doubanio.com/view/photo/s_ratio_poster/public/p2070153774.jpg,143,8.7,理查德·柯蒂斯 Richard Curtis,把每天当作最后一天般珍惜度过，积极拥抱生活，就是幸福。
釜山行 / 부산행 / 尸杀列车(港)  /  尸速列车(台),https://img1.doubanio.com/view/photo/s_ratio_poster/public/p2360940399.jpg,144,8.5,延尚昊 Sang-ho Yeon,揭露人性的丧尸题材力作。
风之谷 / 風の谷のナウシカ / 风谷少女  /  Kaze no tani no Naushika,https://img3.doubanio.com/view/photo/s_ratio_poster/public/p1917567652.jpg,145,8.9,宫崎骏 Hayao Miyazaki,动画片的圣经。
哪吒闹海 / Prince Nezha's Triumph Against Dragon King  /  Nezha Conquers the Dragon King,https://img2.doubanio.com/view/photo/s_ratio_poster/public/p2516566783.jpg,146,9.1,严定宪 Dingxian Yan / 王树忱 Shuchen Wang,想你时你在闹海。
电锯惊魂 / Saw / 夺魂锯(台)  /  恐惧斗室(港),https://img9.doubanio.com/view/photo/s_ratio_poster/public/p2565332644.jpg,147,8.7,詹姆斯·温 James Wan,真相就在眼前。
被解救的姜戈 / Django Unchained / 被解放的姜戈  /  决杀令(台),https://img1.doubanio.com/view/photo/s_ratio_poster/public/p1959232369.jpg,148,8.7,昆汀·塔伦蒂诺 Quentin Tarantino,热血沸腾，那个低俗、性感的无耻混蛋又来了。
上帝之城 / Cidade de Deus / 无主之城 (港)  /  无法无天 (台),https://img3.doubanio.com/view/photo/s_ratio_poster/public/p455677490.jpg,149,8.9,导演: 费尔南多·梅里尔斯 Fernando Meirelles / 卡迪亚·兰德 Kátia Lund&nbsp,被上帝抛弃了的上帝之城。
喜宴 / 囍宴 / The Wedding Banquet,https://img9.doubanio.com/view/photo/s_ratio_poster/public/p2173713676.jpg,150,8.9,李安 Ang Lee,中国家庭的喜怒哀乐忍。
七武士 / 七人の侍 / 七侠四义(港)  /  七剑客(港),https://img9.doubanio.com/view/photo/s_ratio_poster/public/p2215886505.jpg,151,9.2,黑泽明 Akira Kurosawa,时代悲歌。
英雄本色 / A Better Tomorrow  /  Gangland Boss,https://img1.doubanio.com/view/photo/s_ratio_poster/public/p2504997087.jpg,152,8.7,吴宇森 John Woo,英雄泪短，兄弟情长。 
我是山姆 / I Am Sam / 不一样的爸爸(港)  /  他不笨，他是我爸爸(台),https://img9.doubanio.com/view/photo/s_ratio_poster/public/p652417775.jpg,153,8.9,杰茜·尼尔森 Jessie Nelson,爱并不需要智商 。
谍影重重3 / The Bourne Ultimatum / 叛谍追击3：最后通牒(港)  /  神鬼认证：最后通牒 (台),https://img1.doubanio.com/view/photo/s_ratio_poster/public/p792223507.jpg,154,8.8,保罗·格林格拉斯 Paul Greengrass,像吃了苏打饼一样干脆的电影。
头号玩家 / Ready Player One / 玩家一号  /  挑战者1号(港),https://img1.doubanio.com/view/photo/s_ratio_poster/public/p2516578307.jpg,155,8.6,史蒂文·斯皮尔伯格 Steven Spielberg,写给影迷，动漫迷和游戏迷的一封情书。
哈利·波特与密室 / Harry Potter and the Chamber of Secrets / 哈利波特2：消失的密室(港 / 台) ,https://img3.doubanio.com/view/photo/s_ratio_poster/public/p1082651990.jpg,156,8.7,Chris Columbus,魔法的密室之门已打开...
岁月神偷 / 歲月神偷 / 1969太空漫游  /  Echoes Of The Rainbow,https://img3.doubanio.com/view/photo/s_ratio_poster/public/p456666151.jpg,157,8.7,罗启锐 Alex Law,岁月流逝，来日可追。
一个叫欧维的男人决定去死 / En man som heter Ove / 明天别再来敲门(台)  /  想死冇咁易(港),https://img2.doubanio.com/view/photo/s_ratio_poster/public/p2406624993.jpg,158,8.8,汉内斯·赫尔姆 Hannes Holm,惠及一生的美丽。
纵横四海 / 緃横四海 / Once a Thief,https://img1.doubanio.com/view/photo/s_ratio_poster/public/p2597918718.jpg,159,8.8,吴宇森 John Woo,香港浪漫主义警匪动作片的巅峰之作。
"三块广告牌 / Three Billboards Outside Ebbing, Missouri / 广告牌杀人事件(港)  /  意外(台)",https://img1.doubanio.com/view/photo/s_ratio_poster/public/p2510081688.jpg,160,8.7,马丁·麦克唐纳 Martin McDonagh,怼天怼地，你走后，她与世界为敌。
疯狂原始人 / The Croods / 古鲁家族(港 / 台) ,https://img1.doubanio.com/view/photo/s_ratio_poster/public/p1867084027.jpg,161,8.7,科克·德·米科 Kirk De Micco / 克里斯·桑德斯 Chris Sanders,老少皆宜，这就是好莱坞动画的魅力。
心迷宫 / 殡棺  /  The Coffin in the Mountain,https://img9.doubanio.com/view/photo/s_ratio_poster/public/p2276780256.jpg,162,8.7,忻钰坤 Yukun Xin,荒诞讽刺，千奇百巧，抽丝剥茧，百转千回。
达拉斯买家俱乐部 / Dallas Buyers Club / 续命枭雄(港)  /  药命俱乐部(台),https://img1.doubanio.com/view/photo/s_ratio_poster/public/p2166160837.jpg,163,8.8,让-马克·瓦雷 Jean-Marc Vallée,Jared Leto的腿比女人还美！
记忆碎片 / Memento / 凶心人(港)  /  记忆拼图(台),https://img2.doubanio.com/view/photo/s_ratio_poster/public/p641688453.jpg,164,8.6,克里斯托弗·诺兰 Christopher Nolan,一个针管引发的血案。
卢旺达饭店 / Hotel Rwanda / 卢安达饭店(台),https://img2.doubanio.com/view/photo/s_ratio_poster/public/p470419493.jpg,165,8.9,特瑞·乔治 Terry George,当这个世界闭上双眼，他却敞开了怀抱。
花样年华 / 花樣年華 / In the Mood for Love,https://img9.doubanio.com/view/photo/s_ratio_poster/public/p1910828286.jpg,166,8.7,王家卫 Kar Wai Wong,偷情本没有这样美。
你的名字。 / 君の名は。 / 你的名字  /  君之名,https://img1.doubanio.com/view/photo/s_ratio_poster/public/p2395733377.jpg,167,8.4,新海诚 Makoto Shinkai,穿越错位的时空，仰望陨落的星辰，你没留下你的名字，我却无法忘记那句“我爱你”。
萤火虫之墓 / 火垂るの墓 / 再见萤火虫(港)  /  萤火挽歌,https://img1.doubanio.com/view/photo/s_ratio_poster/public/p1157334208.jpg,168,8.7,高畑勋 Isao Takahata,幸福是生生不息，却难以触及的远。 
荒蛮故事 / Relatos salvajes / 蛮荒故事  /  生命中最抓狂的小事(台),https://img3.doubanio.com/view/photo/s_ratio_poster/public/p2584519452.jpg,169,8.8,达米安·斯兹弗隆 Damián Szifron,始于荒诞，止于更荒诞。
未麻的部屋 / Perfect Blue / 蓝色恐惧(港 / 台) ,https://img3.doubanio.com/view/photo/s_ratio_poster/public/p1351050722.jpg,170,9.0,今敏 Satoshi Kon,好的剧本是，就算你猜到了结局也猜不到全部。
黑客帝国3：矩阵革命 / The Matrix Revolutions / 22世纪杀人网络3：惊变世纪(港)  /  骇客任务完结篇：最后战役(台),https://img1.doubanio.com/view/photo/s_ratio_poster/public/p443461818.jpg,171,8.8,Andy Wachowski / Larry Wachowski,不得不说，《黑客帝国》系列是商业片与科幻、哲学完美结合的典范。
贫民窟的百万富翁 / Slumdog Millionaire / 一百万零一夜(港)  /  贫民百万富翁(台),https://img3.doubanio.com/view/photo/s_ratio_poster/public/p2434249040.jpg,172,8.6,丹尼·鲍尔 Danny Boyle / 洛芙琳·坦丹 Loveleen Tandan,上帝之城+猜火车+阿甘正传+开心辞典=山寨富翁
爆裂鼓手 / Whiplash / 鼓动真我(港)  /  进击的鼓手(台),https://img3.doubanio.com/view/photo/s_ratio_poster/public/p2220776342.jpg,173,8.7,达米恩·查泽雷 Damien Chazelle,这个世界从不善待努力的人，努力了也不一定会成功，但是知道自己在努力，就是活下去的动力。
东邪西毒 / 東邪西毒 / Ashes of Time,https://img3.doubanio.com/view/photo/s_ratio_poster/public/p1982176012.jpg,174,8.6,王家卫 Kar Wai Wong,电影诗。
真爱至上 / Love Actually / 真的恋爱了(港)  /  爱是您，爱是我(台),https://img3.doubanio.com/view/photo/s_ratio_poster/public/p475600770.jpg,175,8.6,理查德·柯蒂斯 Richard Curtis,爱，是个动词。
模仿游戏 / The Imitation Game / 解码游戏(港)  /  模拟游戏,https://img3.doubanio.com/view/photo/s_ratio_poster/public/p2255040492.jpg,176,8.7,莫滕·泰杜姆 Morten Tyldum,他给机器起名“克里斯托弗”，因为这是他初恋的名字。
忠犬八公物语 / ハチ公物語 / 八千公物语  /  阿八的故事,https://img3.doubanio.com/view/photo/s_ratio_poster/public/p1576418852.jpg,177,9.2,Seijirô Kôyama,养狗三日，便会对你终其一生。
新世界 / 신세계 / 暗黑新世界(台)  /  New World,https://img1.doubanio.com/view/photo/s_ratio_poster/public/p1903379979.jpg,178,8.8,朴勋政 Hoon-jung Park,要做就做得狠一点，这样才能活下去。
黑天鹅 / Black Swan / 夺命黑天鹅  /  霸王别鹅(豆友译名),https://img9.doubanio.com/view/photo/s_ratio_poster/public/p2549648344.jpg,179,8.6,达伦·阿罗诺夫斯基 Darren Aronofsky,黑暗之美。
头脑特工队 / Inside Out / 玩转脑朋友(港)  /  脑筋急转弯(台),https://img9.doubanio.com/view/photo/s_ratio_poster/public/p2266293606.jpg,180,8.7,导演: 彼特·道格特 Pete Docter / 罗纳尔多·德尔·卡门 Ronaldo Del Carmen&nb,愿我们都不用长大，每一座城堡都能永远存在。
海街日记 / 海街diary / 海街女孩日记(港)  /  Kamakura Diary,https://img2.doubanio.com/view/photo/s_ratio_poster/public/p2242546753.jpg,181,8.8,是枝裕和 Hirokazu Koreeda,是枝裕和的家庭习作。
你看起来好像很好吃 / おまえうまそうだな / 你看起来很好吃(台)  /  你看上去好像很好吃,https://img3.doubanio.com/view/photo/s_ratio_poster/public/p709670262.jpg,182,8.9,藤森雅也 Masaya Fujimori,感情不分食草或者食肉。
无敌破坏王 / Wreck-It Ralph / 破坏王拉尔夫  /  破坏王大冒险,https://img9.doubanio.com/view/photo/s_ratio_poster/public/p1735642656.jpg,183,8.7,瑞奇·莫尔 Rich Moore,迪士尼和皮克斯拿错剧本的产物。
雨人 / Rain Man / 手足情未了(港)  /  手足情深,https://img3.doubanio.com/view/photo/s_ratio_poster/public/p2353324612.jpg,184,8.7,巴瑞·莱文森 Barry Levinson,生活在自己的世界里，也可以让周围的人显得可笑和渺小。
冰川时代 / Ice Age / 冰河世纪  /  冰原历险记,https://img1.doubanio.com/view/photo/s_ratio_poster/public/p1910895719.jpg,185,8.6,卡洛斯·沙尔丹哈 Carlos Saldanha / 克里斯·韦奇 Chris Wedge,松鼠才是角儿。
惊魂记 / Psycho / 精神病患者  /  触目惊心(港),https://img9.doubanio.com/view/photo/s_ratio_poster/public/p1021883305.jpg,186,9.0,阿尔弗雷德·希区柯克 Alfred Hitchcock,故事的反转与反转，分裂电影的始祖。
恋恋笔记本 / The Notebook / 忘了·忘不了(港)  /  手札情缘(台),https://img9.doubanio.com/view/photo/s_ratio_poster/public/p483604864.jpg,187,8.5,尼克·卡索维茨 Nick Cassavetes,爱情没有那么多借口，如果不能圆满，只能说明爱的不够。 
小偷家族 / 万引き家族 / Shoplifters  /  Une Affaire de Famille,https://img9.doubanio.com/view/photo/s_ratio_poster/public/p2530599636.jpg,188,8.7,是枝裕和 Hirokazu Koreeda,我们组成了家。
二十二 / Twenty Two  /  22,https://img1.doubanio.com/view/photo/s_ratio_poster/public/p2457609817.jpg,189,8.7,郭柯 Ke Guo,有一些东西不应该被遗忘。
绿里奇迹 / The Green Mile / 绿色奇迹(台)  /  绿色英里,https://img3.doubanio.com/view/photo/s_ratio_poster/public/p767586451.jpg,190,8.8,Frank Darabont,天使暂时离开。
恐怖游轮 / Triangle / 汪洋血迷宮(台)  /  轮回三角,https://img9.doubanio.com/view/photo/s_ratio_poster/public/p462470694.jpg,191,8.5,克里斯托弗·史密斯 Christopher Smith,不要企图在重复中寻找已经失去的爱。
海边的曼彻斯特 / Manchester by the Sea / 情系海边之城(港),https://img9.doubanio.com/view/photo/s_ratio_poster/public/p2421855655.jpg,192,8.6,肯尼斯·罗纳根 Kenneth Lonergan,我们都有权利不与自己的过去和解。
奇迹男孩 / Wonder / 奇迹,https://img1.doubanio.com/view/photo/s_ratio_poster/public/p2507709428.jpg,193,8.6,斯蒂芬·卓博斯基 Stephen Chbosky,世界不完美，爱会有奇迹。
房间 / Room / 不存在的房间(台)  /  抖室(港),https://img9.doubanio.com/view/photo/s_ratio_poster/public/p2259715855.jpg,194,8.8,伦尼·阿伯拉罕森 Lenny Abrahamson,被偷走的岁月，被伤害的生命，被禁锢的灵魂，终将被希望和善意救赎。
疯狂的石头 / Crazy Stone,https://img2.doubanio.com/view/photo/s_ratio_poster/public/p712241453.jpg,195,8.5,宁浩 Hao Ning,中国版《两杆大烟枪》。
魔女宅急便 / 魔女の宅急便 / 魔女琪琪(台)  /  小魔女限时专送,https://img3.doubanio.com/view/photo/s_ratio_poster/public/p456676352.jpg,196,8.6,宫崎骏 Hayao Miyazaki,宫崎骏的电影总让人感觉世界是美好的，阳光明媚的。
雨中曲 / Singin' in the Rain / 万花嬉春(港 / 台) ,https://img9.doubanio.com/view/photo/s_ratio_poster/public/p1612355875.jpg,197,9.0,斯坦利·多南 Stanley Donen / 吉恩·凯利 Gene Kelly,骨灰级歌舞片。
爱在午夜降临前 / Before Midnight / 情约半生(港)  /  爱在午夜希腊时(台),https://img1.doubanio.com/view/photo/s_ratio_poster/public/p2074715729.jpg,198,8.8,理查德·林克莱特 Richard Linklater,所谓爱情，就是话唠一路，都不会心生腻烦，彼此嫌弃。
虎口脱险 / La grande vadrouille / 横冲直撞出重围(港)  /  大進擊(台),https://img3.doubanio.com/view/photo/s_ratio_poster/public/p2399597512.jpg,199,8.9,杰拉尔·乌里 Gérard Oury,永远看不腻的喜剧。
人工智能 / Artificial Intelligence: AI / AI人工智慧,https://img1.doubanio.com/view/photo/s_ratio_poster/public/p792257137.jpg,200,8.6,史蒂文·斯皮尔伯格 Steven Spielberg,对爱的执着，可以超越一切。
罗生门 / 羅生門 / Rashomon,https://img3.doubanio.com/view/photo/s_ratio_poster/public/p1598883511.jpg,201,8.8,黑泽明 Akira Kurosawa,人生的N种可能性。
终结者2：审判日 / Terminator 2: Judgment Day / 终结者2  /  终结者2：末日审判,https://img9.doubanio.com/view/photo/s_ratio_poster/public/p1910909085.jpg,202,8.7,詹姆斯·卡梅隆 James Cameron,少见的超越首部的续集，动作片中的经典。
初恋这件小事 / สิ่งเล็กเล็กที่เรียกว่า...รัก / 初恋那件小事(港)  /  暗恋那点小事,https://img2.doubanio.com/view/photo/s_ratio_poster/public/p1505312273.jpg,203,8.4,导演: 普特鹏·普罗萨卡·那·萨克那卡林 Puttipong Promsaka Na Sakolnakorn / 华森·波克彭,黑小鸭速效美白记。
2001太空漫游 / 2001: A Space Odyssey / 2001：星际漫游  /  2001：太空奥德赛,https://img9.doubanio.com/view/photo/s_ratio_poster/public/p2560717825.jpg,204,8.8,斯坦利·库布里克 Stanley Kubrick,现代科幻电影的开山之作，最伟大导演的最伟大影片。
可可西里 / Kekexili: Mountain Patrol,https://img3.doubanio.com/view/photo/s_ratio_poster/public/p2414772322.jpg,205,8.8,陆川 Chuan Lu,坚硬的信仰。
城市之光 / City Lights / City Lights: A Comedy Romance in Pantomime  /  Lichter der Großstadt,https://img1.doubanio.com/view/photo/s_ratio_poster/public/p2170238828.jpg,206,9.3,Charles Chaplin,永远的小人物，伟大的卓别林。
魂断蓝桥 / Waterloo Bridge / 滑铁卢桥  /  断桥残梦,https://img1.doubanio.com/view/photo/s_ratio_poster/public/p2351134499.jpg,207,8.8,茂文·勒鲁瓦 Mervyn LeRoy,中国式内在的美国电影。
海洋 / Océans / Oceans  /  海洋,https://img9.doubanio.com/view/photo/s_ratio_poster/public/p1139181294.jpg,208,9.1,雅克·贝汉 Jacques Perrin / 雅克·克鲁奥德 Jacques Cluzaud,大海啊，不全是水。
牯岭街少年杀人事件 / 牯嶺街少年殺人事件 / A Brighter Summer Day,https://img9.doubanio.com/view/photo/s_ratio_poster/public/p848381236.jpg,209,8.8,杨德昌 Edward Yang,弱者送给弱者的一刀。
哈利·波特与火焰杯 / Harry Potter and the Goblet of Fire / 哈利波特4：火杯的考验(港 / 台) ,https://img1.doubanio.com/view/photo/s_ratio_poster/public/p2220723219.jpg,210,8.6,迈克·内威尔 Mike Newell,该电影没有评论
色，戒 / 色|戒  /  色·戒,https://img9.doubanio.com/view/photo/s_ratio_poster/public/p453716305.jpg,211,8.5,李安 Ang Lee,假戏真情，爱欲深海
燃情岁月 / Legends of the Fall / 秋日传奇  /  真爱一世情(台),https://img1.doubanio.com/view/photo/s_ratio_poster/public/p1023654037.jpg,212,8.8,爱德华·兹威克 Edward Zwick,传奇，不是每个人都可以拥有。
新龙门客栈 / 新龍門客棧 / New Dragon Gate Inn,https://img1.doubanio.com/view/photo/s_ratio_poster/public/p1421018669.jpg,213,8.6,李惠民 Raymond Lee,嬉笑怒骂，调风动月。
穿越时空的少女 / 時をかける少女 / 跳跃吧！时空少女(台)  /  Toki o kakeru shôjo,https://img1.doubanio.com/view/photo/s_ratio_poster/public/p2079334409.jpg,214,8.6,细田守 Mamoru Hosoda,爱上未来的你。 
九品芝麻官 / 九品芝麻官之白面包青天  /  Hail the Judge,https://img3.doubanio.com/view/photo/s_ratio_poster/public/p648370300.jpg,215,8.5,王晶 Jing Wong,该电影没有评论
源代码 / Source Code / 启动原始码(台)  /  危机解密(港),https://img9.doubanio.com/view/photo/s_ratio_poster/public/p988260245.jpg,216,8.5,邓肯·琼斯 Duncan Jones,邓肯·琼斯继《月球》之后再度奉献出一部精彩绝伦的科幻佳作。
青蛇 / Green Snake,https://img3.doubanio.com/view/photo/s_ratio_poster/public/p2570901292.jpg,217,8.5,徐克 Hark Tsui,人生如此，浮生如斯。谁人言，花彼岸，此生情长意短。谁都是不懂爱的罢了。
遗愿清单 / The Bucket List / 玩转身前事(港)  /  一路玩到挂(台),https://img3.doubanio.com/view/photo/s_ratio_poster/public/p1208653481.jpg,218,8.6,罗伯·莱纳 Rob Reiner,用剩余不多的时间，去燃烧整个生命。
无耻混蛋 / Inglourious Basterds / 希魔撞正杀人狂(港)  /  恶棍特工(台),https://img1.doubanio.com/view/photo/s_ratio_poster/public/p2575043939.jpg,219,8.6,Quentin Tarantino,昆汀同学越来越变态了，比北野武还杜琪峰。
阿飞正传 / 阿飛正傳 / Days of Being Wild,https://img2.doubanio.com/view/photo/s_ratio_poster/public/p2525770523.jpg,220,8.5,王家卫 Kar Wai Wong,王家卫是一种风格，张国荣是一个代表。
大佛普拉斯 / The Great Buddha+,https://img3.doubanio.com/view/photo/s_ratio_poster/public/p2505928032.jpg,221,8.7,黄信尧 Hsin-yao Huang,人们可以登上月球，却永远无法探索人们内心的宇宙。
完美陌生人 / Perfetti sconosciuti / 完美谎情(港)  /  波动的信息分享,https://img9.doubanio.com/view/photo/s_ratio_poster/public/p2522331945.jpg,222,8.5,保罗·格诺维瑟 Paolo Genovese,来啊，互相伤害啊！
血钻 / Blood Diamond / 血钻石(台)  /  血腥钻石,https://img2.doubanio.com/view/photo/s_ratio_poster/public/p1244017073.jpg,223,8.7,爱德华·兹威克 Edward Zwick,每个美丽事物背后都是滴血的现实。
谍影重重2 / The Bourne Supremacy / 叛谍追击2：机密圈套(港)  /  神鬼认证：神鬼疑云(台),https://img9.doubanio.com/view/photo/s_ratio_poster/public/p667644866.jpg,224,8.7,保罗·格林格拉斯 Paul Greengrass,谁说王家卫镜头很晃？
地球上的星星 / Taare Zameen Par / 心中的小星星(台)  /  每一个孩子都是特别的,https://img9.doubanio.com/view/photo/s_ratio_poster/public/p1973489335.jpg,225,8.9,阿米尔·汗 Aamir Khan,天使保护事件始末。
香水 / Perfume: The Story of a Murderer / 香水：一个杀人犯的故事  /  香水：一个谋杀犯的故事,https://img2.doubanio.com/view/photo/s_ratio_poster/public/p2571500223.jpg,226,8.5,汤姆·提克威 Tom Tykwer,一个单凭体香达到高潮的男人。
疯狂的麦克斯4：狂暴之路 / Mad Max: Fury Road / 末日先锋：战甲飞车(港)  /  疯狂麦斯：愤怒道(台),https://img2.doubanio.com/view/photo/s_ratio_poster/public/p2236181653.jpg,227,8.6,乔治·米勒 George Miller,“多么美好的一天！”轰轰轰砰咚，啪哒哒哒轰隆隆，磅~
步履不停 / 歩いても 歩いても / 横山家之味(港 / 台) ,https://img9.doubanio.com/view/photo/s_ratio_poster/public/p926535516.jpg,228,8.8,是枝裕和 Hirokazu Koreeda,日本的家庭电影已经是世界巅峰了，步履不停是巅峰中的佳作。
战争之王 / Lord of War / 军火之王(台 / 港) ,https://img3.doubanio.com/view/photo/s_ratio_poster/public/p792282381.jpg,229,8.7,安德鲁·尼科尔 Andrew Niccol,做一颗让别人需要你的棋子。
彗星来的那一夜 / Coherence / 相干性  /  相干效应,https://img9.doubanio.com/view/photo/s_ratio_poster/public/p2187896734.jpg,230,8.5,詹姆斯·沃德·布柯特 James Ward Byrkit,小成本大魅力。
谍影重重 / The Bourne Identity / 叛谍追击(港)  /  神鬼认证(台),https://img3.doubanio.com/view/photo/s_ratio_poster/public/p1597183981.jpg,231,8.6,道格·里曼 Doug Liman,哗啦啦啦啦，天在下雨，哗啦啦啦啦，云在哭泣……找自己。
波西米亚狂想曲 / Bohemian Rhapsody / 波希米亚狂想曲：摇滚传说(港)  /  波希米亚狂想曲(台),https://img2.doubanio.com/view/photo/s_ratio_poster/public/p2549558913.jpg,232,8.7,布莱恩·辛格 Bryan Singer,该电影没有评论
猜火车 / Trainspotting / 迷幻列车(港)  /  定位的火车,https://img1.doubanio.com/view/photo/s_ratio_poster/public/p513567548.jpg,233,8.5,丹尼·博伊尔 Danny Boyle,不可猜的青春迷笛。 
朗读者 / The Reader / 为爱朗读(台)  /  读爱(港),https://img1.doubanio.com/view/photo/s_ratio_poster/public/p1140984198.jpg,234,8.6,史蒂芬·戴德利 Stephen Daldry,当爱情跨越年龄的界限，它似乎能变得更久远一点，成为一种责任，一种水到渠成的相濡以沫。 
浪潮 / Die Welle / 恶魔教室(台)  /  白恤暴潮(港),https://img2.doubanio.com/view/photo/s_ratio_poster/public/p1344888983.jpg,235,8.7,丹尼斯·甘塞尔 Dennis Gansel,世界离独裁只有五天。
东京物语 / 東京物語 / 东京故事  /  东京纪行,https://img9.doubanio.com/view/photo/s_ratio_poster/public/p1925331564.jpg,236,9.2,小津安二郎 Yasujirô Ozu,东京那么大，如果有一天走失了，恐怕一辈子不能再相见。
再次出发之纽约遇见你 / Begin Again / 再次出发  /  歌曲改变人生,https://img2.doubanio.com/view/photo/s_ratio_poster/public/p2250287733.jpg,237,8.6,约翰·卡尼 John Carney,爱我就给我看你的播放列表。
驴得水 / Mr. Donkey,https://img3.doubanio.com/view/photo/s_ratio_poster/public/p2393044761.jpg,238,8.3,周申 Shen Zhou / 刘露 Lu Liu,过去的如果就让它过去了，未来只会越来越糟！
聚焦 / Spotlight / 焦点追击(港)  /  惊爆焦点(台),https://img1.doubanio.com/view/photo/s_ratio_poster/public/p2263822658.jpg,239,8.8,托马斯·麦卡锡 Thomas McCarthy,新闻人的理性求真。
小萝莉的猴神大叔 / Bajrangi Bhaijaan / 娃娃返乡任务(台)  /  宝莱坞之钢铁奶爸(台),https://img9.doubanio.com/view/photo/s_ratio_poster/public/p2510956726.jpg,240,8.4,卡比尔·汗 Kabir Khan,宝莱坞的萝莉与大叔。
追随 / Following / 跟踪(台)  /  致命追踪,https://img3.doubanio.com/view/photo/s_ratio_poster/public/p2561545031.jpg,241,8.9,克里斯托弗·诺兰 Christopher Nolan,诺兰的牛逼来源于内心散发出的恐惧。
千钧一发 / Gattaca / 变种异煞(港)  /  自然人,https://img9.doubanio.com/view/photo/s_ratio_poster/public/p2195672555.jpg,242,8.8,安德鲁·尼科尔 Andrew Niccol,一部能引人思考的科幻励志片。
我爱你 / 그대를 사랑합니다 / 爱你  /  爱，是一生相伴(台),https://img1.doubanio.com/view/photo/s_ratio_poster/public/p1075591188.jpg,243,9.0,秋昌民 Chang-min Choo,你要相信，这世上真的有爱存在，不管在什么年纪 
黑客帝国2：重装上阵 / The Matrix Reloaded / 22世纪杀人网络2：决战未来(港)  /  骇客任务：重装上阵(台),https://img3.doubanio.com/view/photo/s_ratio_poster/public/p443461390.jpg,244,8.6,Andy Wachowski / Larry Wachowski,一个精彩的世界观正在缓缓建立。
一次别离 / جدایی نادر از سیمین / 伊朗式分居(港)  /  分居风暴(台),https://img9.doubanio.com/view/photo/s_ratio_poster/public/p2189835254.jpg,245,8.7,阿斯哈·法哈蒂  Asghar Farhadi,只有有信仰的人才能说出事实真相。
黑鹰坠落 / Black Hawk Down / 黑鹰15小时(港)  /  黑鹰计划(台),https://img3.doubanio.com/view/photo/s_ratio_poster/public/p1910900710.jpg,246,8.7,雷德利·斯科特 Ridley Scott,还原真实而残酷的战争。
发条橙 / A Clockwork Orange / 发条桔子  /  发条橙子,https://img9.doubanio.com/view/photo/s_ratio_poster/public/p529908155.jpg,247,8.6,Stanley Kubrick,我完全康复了。
网络谜踪 / Searching / 人肉搜寻(港)  /  人肉搜索(台),https://img1.doubanio.com/view/photo/s_ratio_poster/public/p2542848758.jpg,248,8.6,阿尼什·查甘蒂 Aneesh Chaganty,该电影没有评论
四个春天 / Four Springs,https://img1.doubanio.com/view/photo/s_ratio_poster/public/p2540578887.jpg,249,8.9,陆庆屹 Lu Qing Yi,来也匆匆去也匆匆，就这样风雨兼程。
E.T. 外星人 / E.T.: The Extra-Terrestrial / 外星人E.T.  /  外星人,https://img3.doubanio.com/view/photo/s_ratio_poster/public/p984732992.jpg,250,8.6,史蒂文·斯皮尔伯格 Steven Spielberg,生病的E.T.皮肤的颜色就像柿子饼。
